,img,label
0,hand1_0_bot_seg_1_cropped.jpeg,0
1,hand1_0_bot_seg_2_cropped.jpeg,0
2,hand1_0_bot_seg_3_cropped.jpeg,0
3,hand1_0_bot_seg_4_cropped.jpeg,0
4,hand1_0_bot_seg_5_cropped.jpeg,0
5,hand1_0_dif_seg_1_cropped.jpeg,0
6,hand1_0_dif_seg_2_cropped.jpeg,0
7,hand1_0_dif_seg_3_cropped.jpeg,0
8,hand1_0_dif_seg_4_cropped.jpeg,0
9,hand1_0_dif_seg_5_cropped.jpeg,0
10,hand1_0_left_seg_1_cropped.jpeg,0
11,hand1_0_left_seg_2_cropped.jpeg,0
12,hand1_0_left_seg_3_cropped.jpeg,0
13,hand1_0_left_seg_4_cropped.jpeg,0
14,hand1_0_left_seg_5_cropped.jpeg,0
15,hand1_0_right_seg_1_cropped.jpeg,0
16,hand1_0_right_seg_2_cropped.jpeg,0
17,hand1_0_right_seg_3_cropped.jpeg,0
18,hand1_0_right_seg_4_cropped.jpeg,0
19,hand1_0_right_seg_5_cropped.jpeg,0
20,hand1_0_top_seg_1_cropped.jpeg,0
21,hand1_0_top_seg_2_cropped.jpeg,0
22,hand1_0_top_seg_3_cropped.jpeg,0
23,hand1_0_top_seg_4_cropped.jpeg,0
24,hand1_0_top_seg_5_cropped.jpeg,0
25,hand2_0_bot_seg_1_cropped.jpeg,0
26,hand2_0_bot_seg_2_cropped.jpeg,0
27,hand2_0_bot_seg_3_cropped.jpeg,0
28,hand2_0_bot_seg_4_cropped.jpeg,0
29,hand2_0_bot_seg_5_cropped.jpeg,0
30,hand2_0_dif_seg_1_cropped.jpeg,0
31,hand2_0_dif_seg_2_cropped.jpeg,0
32,hand2_0_dif_seg_3_cropped.jpeg,0
33,hand2_0_dif_seg_4_cropped.jpeg,0
34,hand2_0_dif_seg_5_cropped.jpeg,0
35,hand2_0_left_seg_1_cropped.jpeg,0
36,hand2_0_left_seg_2_cropped.jpeg,0
37,hand2_0_left_seg_3_cropped.jpeg,0
38,hand2_0_left_seg_4_cropped.jpeg,0
39,hand2_0_left_seg_5_cropped.jpeg,0
40,hand2_0_right_seg_1_cropped.jpeg,0
41,hand2_0_right_seg_2_cropped.jpeg,0
42,hand2_0_right_seg_3_cropped.jpeg,0
43,hand2_0_right_seg_4_cropped.jpeg,0
44,hand2_0_right_seg_5_cropped.jpeg,0
45,hand2_0_top_seg_1_cropped.jpeg,0
46,hand2_0_top_seg_2_cropped.jpeg,0
47,hand2_0_top_seg_3_cropped.jpeg,0
48,hand2_0_top_seg_4_cropped.jpeg,0
49,hand2_0_top_seg_5_cropped.jpeg,0
50,hand3_0_dif_seg_1_cropped.jpeg,0
51,hand3_0_dif_seg_2_cropped.jpeg,0
52,hand3_0_dif_seg_3_cropped.jpeg,0
53,hand3_0_dif_seg_4_cropped.jpeg,0
54,hand3_0_dif_seg_5_cropped.jpeg,0
55,hand4_0_bot_seg_1_cropped.jpeg,0
56,hand4_0_bot_seg_2_cropped.jpeg,0
57,hand4_0_bot_seg_3_cropped.jpeg,0
58,hand4_0_bot_seg_4_cropped.jpeg,0
59,hand4_0_bot_seg_5_cropped.jpeg,0
60,hand5_0_bot_seg_1_cropped.jpeg,0
61,hand5_0_bot_seg_2_cropped.jpeg,0
62,hand5_0_bot_seg_3_cropped.jpeg,0
63,hand5_0_bot_seg_4_cropped.jpeg,0
64,hand5_0_bot_seg_5_cropped.jpeg,0
65,hand5_0_dif_seg_1_cropped.jpeg,0
66,hand5_0_dif_seg_2_cropped.jpeg,0
67,hand5_0_dif_seg_3_cropped.jpeg,0
68,hand5_0_dif_seg_4_cropped.jpeg,0
69,hand5_0_dif_seg_5_cropped.jpeg,0
70,hand1_1_bot_seg_1_cropped.jpeg,1
71,hand1_1_bot_seg_2_cropped.jpeg,1
72,hand1_1_bot_seg_3_cropped.jpeg,1
73,hand1_1_bot_seg_4_cropped.jpeg,1
74,hand1_1_bot_seg_5_cropped.jpeg,1
75,hand1_1_dif_seg_1_cropped.jpeg,1
76,hand1_1_dif_seg_2_cropped.jpeg,1
77,hand1_1_dif_seg_3_cropped.jpeg,1
78,hand1_1_dif_seg_4_cropped.jpeg,1
79,hand1_1_dif_seg_5_cropped.jpeg,1
80,hand1_1_left_seg_1_cropped.jpeg,1
81,hand1_1_left_seg_2_cropped.jpeg,1
82,hand1_1_left_seg_3_cropped.jpeg,1
83,hand1_1_left_seg_4_cropped.jpeg,1
84,hand1_1_left_seg_5_cropped.jpeg,1
85,hand1_1_right_seg_1_cropped.jpeg,1
86,hand1_1_right_seg_2_cropped.jpeg,1
87,hand1_1_right_seg_3_cropped.jpeg,1
88,hand1_1_right_seg_4_cropped.jpeg,1
89,hand1_1_right_seg_5_cropped.jpeg,1
90,hand1_1_top_seg_1_cropped.jpeg,1
91,hand1_1_top_seg_2_cropped.jpeg,1
92,hand1_1_top_seg_3_cropped.jpeg,1
93,hand1_1_top_seg_4_cropped.jpeg,1
94,hand1_1_top_seg_5_cropped.jpeg,1
95,hand2_1_bot_seg_1_cropped.jpeg,1
96,hand2_1_bot_seg_2_cropped.jpeg,1
97,hand2_1_bot_seg_3_cropped.jpeg,1
98,hand2_1_bot_seg_4_cropped.jpeg,1
99,hand2_1_bot_seg_5_cropped.jpeg,1
100,hand2_1_dif_seg_1_cropped.jpeg,1
101,hand2_1_dif_seg_2_cropped.jpeg,1
102,hand2_1_dif_seg_3_cropped.jpeg,1
103,hand2_1_dif_seg_4_cropped.jpeg,1
104,hand2_1_dif_seg_5_cropped.jpeg,1
105,hand2_1_left_seg_1_cropped.jpeg,1
106,hand2_1_left_seg_2_cropped.jpeg,1
107,hand2_1_left_seg_3_cropped.jpeg,1
108,hand2_1_left_seg_4_cropped.jpeg,1
109,hand2_1_left_seg_5_cropped.jpeg,1
110,hand2_1_right_seg_1_cropped.jpeg,1
111,hand2_1_right_seg_2_cropped.jpeg,1
112,hand2_1_right_seg_3_cropped.jpeg,1
113,hand2_1_right_seg_4_cropped.jpeg,1
114,hand2_1_right_seg_5_cropped.jpeg,1
115,hand2_1_top_seg_1_cropped.jpeg,1
116,hand2_1_top_seg_2_cropped.jpeg,1
117,hand2_1_top_seg_3_cropped.jpeg,1
118,hand2_1_top_seg_4_cropped.jpeg,1
119,hand2_1_top_seg_5_cropped.jpeg,1
120,hand3_1_dif_seg_1_cropped.jpeg,1
121,hand3_1_dif_seg_2_cropped.jpeg,1
122,hand3_1_dif_seg_3_cropped.jpeg,1
123,hand3_1_dif_seg_4_cropped.jpeg,1
124,hand3_1_dif_seg_5_cropped.jpeg,1
125,hand4_1_bot_seg_1_cropped.jpeg,1
126,hand4_1_bot_seg_2_cropped.jpeg,1
127,hand4_1_bot_seg_3_cropped.jpeg,1
128,hand4_1_bot_seg_4_cropped.jpeg,1
129,hand4_1_bot_seg_5_cropped.jpeg,1
130,hand5_1_bot_seg_1_cropped.jpeg,1
131,hand5_1_bot_seg_2_cropped.jpeg,1
132,hand5_1_bot_seg_3_cropped.jpeg,1
133,hand5_1_bot_seg_4_cropped.jpeg,1
134,hand5_1_bot_seg_5_cropped.jpeg,1
135,hand5_1_dif_seg_1_cropped.jpeg,1
136,hand5_1_dif_seg_2_cropped.jpeg,1
137,hand5_1_dif_seg_3_cropped.jpeg,1
138,hand5_1_dif_seg_4_cropped.jpeg,1
139,hand5_1_dif_seg_5_cropped.jpeg,1
140,hand1_2_bot_seg_1_cropped.jpeg,2
141,hand1_2_bot_seg_2_cropped.jpeg,2
142,hand1_2_bot_seg_3_cropped.jpeg,2
143,hand1_2_bot_seg_4_cropped.jpeg,2
144,hand1_2_bot_seg_5_cropped.jpeg,2
145,hand1_2_dif_seg_1_cropped.jpeg,2
146,hand1_2_dif_seg_2_cropped.jpeg,2
147,hand1_2_dif_seg_3_cropped.jpeg,2
148,hand1_2_dif_seg_4_cropped.jpeg,2
149,hand1_2_dif_seg_5_cropped.jpeg,2
150,hand1_2_left_seg_1_cropped.jpeg,2
151,hand1_2_left_seg_2_cropped.jpeg,2
152,hand1_2_left_seg_3_cropped.jpeg,2
153,hand1_2_left_seg_4_cropped.jpeg,2
154,hand1_2_left_seg_5_cropped.jpeg,2
155,hand1_2_right_seg_1_cropped.jpeg,2
156,hand1_2_right_seg_2_cropped.jpeg,2
157,hand1_2_right_seg_3_cropped.jpeg,2
158,hand1_2_right_seg_4_cropped.jpeg,2
159,hand1_2_right_seg_5_cropped.jpeg,2
160,hand1_2_top_seg_1_cropped.jpeg,2
161,hand1_2_top_seg_2_cropped.jpeg,2
162,hand1_2_top_seg_3_cropped.jpeg,2
163,hand1_2_top_seg_4_cropped.jpeg,2
164,hand1_2_top_seg_5_cropped.jpeg,2
165,hand2_2_bot_seg_1_cropped.jpeg,2
166,hand2_2_bot_seg_2_cropped.jpeg,2
167,hand2_2_bot_seg_3_cropped.jpeg,2
168,hand2_2_bot_seg_4_cropped.jpeg,2
169,hand2_2_bot_seg_5_cropped.jpeg,2
170,hand2_2_dif_seg_1_cropped.jpeg,2
171,hand2_2_dif_seg_2_cropped.jpeg,2
172,hand2_2_dif_seg_3_cropped.jpeg,2
173,hand2_2_dif_seg_4_cropped.jpeg,2
174,hand2_2_dif_seg_5_cropped.jpeg,2
175,hand2_2_left_seg_1_cropped.jpeg,2
176,hand2_2_left_seg_2_cropped.jpeg,2
177,hand2_2_left_seg_3_cropped.jpeg,2
178,hand2_2_left_seg_4_cropped.jpeg,2
179,hand2_2_left_seg_5_cropped.jpeg,2
180,hand2_2_right_seg_1_cropped.jpeg,2
181,hand2_2_right_seg_2_cropped.jpeg,2
182,hand2_2_right_seg_3_cropped.jpeg,2
183,hand2_2_right_seg_4_cropped.jpeg,2
184,hand2_2_right_seg_5_cropped.jpeg,2
185,hand2_2_top_seg_1_cropped.jpeg,2
186,hand2_2_top_seg_2_cropped.jpeg,2
187,hand2_2_top_seg_3_cropped.jpeg,2
188,hand2_2_top_seg_4_cropped.jpeg,2
189,hand2_2_top_seg_5_cropped.jpeg,2
190,hand3_2_dif_seg_1_cropped.jpeg,2
191,hand3_2_dif_seg_2_cropped.jpeg,2
192,hand3_2_dif_seg_3_cropped.jpeg,2
193,hand3_2_dif_seg_4_cropped.jpeg,2
194,hand3_2_dif_seg_5_cropped.jpeg,2
195,hand4_2_bot_seg_1_cropped.jpeg,2
196,hand4_2_bot_seg_2_cropped.jpeg,2
197,hand4_2_bot_seg_3_cropped.jpeg,2
198,hand4_2_bot_seg_4_cropped.jpeg,2
199,hand4_2_bot_seg_5_cropped.jpeg,2
200,hand5_2_bot_seg_1_cropped.jpeg,2
201,hand5_2_bot_seg_2_cropped.jpeg,2
202,hand5_2_bot_seg_3_cropped.jpeg,2
203,hand5_2_bot_seg_4_cropped.jpeg,2
204,hand5_2_bot_seg_5_cropped.jpeg,2
205,hand5_2_dif_seg_1_cropped.jpeg,2
206,hand5_2_dif_seg_2_cropped.jpeg,2
207,hand5_2_dif_seg_3_cropped.jpeg,2
208,hand5_2_dif_seg_4_cropped.jpeg,2
209,hand5_2_dif_seg_5_cropped.jpeg,2
210,hand1_3_bot_seg_1_cropped.jpeg,3
211,hand1_3_bot_seg_2_cropped.jpeg,3
212,hand1_3_bot_seg_3_cropped.jpeg,3
213,hand1_3_bot_seg_4_cropped.jpeg,3
214,hand1_3_bot_seg_5_cropped.jpeg,3
215,hand1_3_dif_seg_1_cropped.jpeg,3
216,hand1_3_dif_seg_2_cropped.jpeg,3
217,hand1_3_dif_seg_3_cropped.jpeg,3
218,hand1_3_dif_seg_4_cropped.jpeg,3
219,hand1_3_dif_seg_5_cropped.jpeg,3
220,hand1_3_left_seg_1_cropped.jpeg,3
221,hand1_3_left_seg_2_cropped.jpeg,3
222,hand1_3_left_seg_3_cropped.jpeg,3
223,hand1_3_left_seg_4_cropped.jpeg,3
224,hand1_3_left_seg_5_cropped.jpeg,3
225,hand1_3_right_seg_1_cropped.jpeg,3
226,hand1_3_right_seg_2_cropped.jpeg,3
227,hand1_3_right_seg_3_cropped.jpeg,3
228,hand1_3_right_seg_4_cropped.jpeg,3
229,hand1_3_right_seg_5_cropped.jpeg,3
230,hand1_3_top_seg_1_cropped.jpeg,3
231,hand1_3_top_seg_2_cropped.jpeg,3
232,hand1_3_top_seg_3_cropped.jpeg,3
233,hand1_3_top_seg_4_cropped.jpeg,3
234,hand1_3_top_seg_5_cropped.jpeg,3
235,hand2_3_bot_seg_1_cropped.jpeg,3
236,hand2_3_bot_seg_2_cropped.jpeg,3
237,hand2_3_bot_seg_3_cropped.jpeg,3
238,hand2_3_bot_seg_4_cropped.jpeg,3
239,hand2_3_bot_seg_5_cropped.jpeg,3
240,hand2_3_dif_seg_1_cropped.jpeg,3
241,hand2_3_dif_seg_2_cropped.jpeg,3
242,hand2_3_dif_seg_3_cropped.jpeg,3
243,hand2_3_dif_seg_4_cropped.jpeg,3
244,hand2_3_dif_seg_5_cropped.jpeg,3
245,hand2_3_left_seg_1_cropped.jpeg,3
246,hand2_3_left_seg_2_cropped.jpeg,3
247,hand2_3_left_seg_3_cropped.jpeg,3
248,hand2_3_left_seg_4_cropped.jpeg,3
249,hand2_3_left_seg_5_cropped.jpeg,3
250,hand2_3_right_seg_1_cropped.jpeg,3
251,hand2_3_right_seg_2_cropped.jpeg,3
252,hand2_3_right_seg_3_cropped.jpeg,3
253,hand2_3_right_seg_4_cropped.jpeg,3
254,hand2_3_right_seg_5_cropped.jpeg,3
255,hand2_3_top_seg_1_cropped.jpeg,3
256,hand2_3_top_seg_2_cropped.jpeg,3
257,hand2_3_top_seg_3_cropped.jpeg,3
258,hand2_3_top_seg_4_cropped.jpeg,3
259,hand2_3_top_seg_5_cropped.jpeg,3
260,hand3_3_dif_seg_1_cropped.jpeg,3
261,hand3_3_dif_seg_2_cropped.jpeg,3
262,hand3_3_dif_seg_3_cropped.jpeg,3
263,hand3_3_dif_seg_4_cropped.jpeg,3
264,hand3_3_dif_seg_5_cropped.jpeg,3
265,hand4_3_bot_seg_1_cropped.jpeg,3
266,hand4_3_bot_seg_2_cropped.jpeg,3
267,hand4_3_bot_seg_3_cropped.jpeg,3
268,hand4_3_bot_seg_4_cropped.jpeg,3
269,hand4_3_bot_seg_5_cropped.jpeg,3
270,hand5_3_bot_seg_1_cropped.jpeg,3
271,hand5_3_bot_seg_2_cropped.jpeg,3
272,hand5_3_bot_seg_3_cropped.jpeg,3
273,hand5_3_bot_seg_4_cropped.jpeg,3
274,hand5_3_bot_seg_5_cropped.jpeg,3
275,hand5_3_dif_seg_1_cropped.jpeg,3
276,hand5_3_dif_seg_2_cropped.jpeg,3
277,hand5_3_dif_seg_3_cropped.jpeg,3
278,hand5_3_dif_seg_4_cropped.jpeg,3
279,hand5_3_dif_seg_5_cropped.jpeg,3
280,hand1_4_bot_seg_1_cropped.jpeg,4
281,hand1_4_bot_seg_2_cropped.jpeg,4
282,hand1_4_bot_seg_3_cropped.jpeg,4
283,hand1_4_bot_seg_4_cropped.jpeg,4
284,hand1_4_bot_seg_5_cropped.jpeg,4
285,hand1_4_dif_seg_1_cropped.jpeg,4
286,hand1_4_dif_seg_2_cropped.jpeg,4
287,hand1_4_dif_seg_3_cropped.jpeg,4
288,hand1_4_dif_seg_4_cropped.jpeg,4
289,hand1_4_dif_seg_5_cropped.jpeg,4
290,hand1_4_left_seg_1_cropped.jpeg,4
291,hand1_4_left_seg_2_cropped.jpeg,4
292,hand1_4_left_seg_3_cropped.jpeg,4
293,hand1_4_left_seg_4_cropped.jpeg,4
294,hand1_4_left_seg_5_cropped.jpeg,4
295,hand1_4_right_seg_1_cropped.jpeg,4
296,hand1_4_right_seg_2_cropped.jpeg,4
297,hand1_4_right_seg_3_cropped.jpeg,4
298,hand1_4_right_seg_4_cropped.jpeg,4
299,hand1_4_right_seg_5_cropped.jpeg,4
300,hand1_4_top_seg_1_cropped.jpeg,4
301,hand1_4_top_seg_2_cropped.jpeg,4
302,hand1_4_top_seg_3_cropped.jpeg,4
303,hand1_4_top_seg_4_cropped.jpeg,4
304,hand1_4_top_seg_5_cropped.jpeg,4
305,hand2_4_bot_seg_1_cropped.jpeg,4
306,hand2_4_bot_seg_2_cropped.jpeg,4
307,hand2_4_bot_seg_3_cropped.jpeg,4
308,hand2_4_bot_seg_4_cropped.jpeg,4
309,hand2_4_bot_seg_5_cropped.jpeg,4
310,hand2_4_dif_seg_1_cropped.jpeg,4
311,hand2_4_dif_seg_2_cropped.jpeg,4
312,hand2_4_dif_seg_3_cropped.jpeg,4
313,hand2_4_dif_seg_4_cropped.jpeg,4
314,hand2_4_dif_seg_5_cropped.jpeg,4
315,hand2_4_left_seg_1_cropped.jpeg,4
316,hand2_4_left_seg_2_cropped.jpeg,4
317,hand2_4_left_seg_3_cropped.jpeg,4
318,hand2_4_left_seg_4_cropped.jpeg,4
319,hand2_4_left_seg_5_cropped.jpeg,4
320,hand2_4_right_seg_1_cropped.jpeg,4
321,hand2_4_right_seg_2_cropped.jpeg,4
322,hand2_4_right_seg_3_cropped.jpeg,4
323,hand2_4_right_seg_4_cropped.jpeg,4
324,hand2_4_right_seg_5_cropped.jpeg,4
325,hand2_4_top_seg_1_cropped.jpeg,4
326,hand2_4_top_seg_2_cropped.jpeg,4
327,hand2_4_top_seg_3_cropped.jpeg,4
328,hand2_4_top_seg_4_cropped.jpeg,4
329,hand2_4_top_seg_5_cropped.jpeg,4
330,hand3_4_dif_seg_1_cropped.jpeg,4
331,hand3_4_dif_seg_2_cropped.jpeg,4
332,hand3_4_dif_seg_3_cropped.jpeg,4
333,hand3_4_dif_seg_4_cropped.jpeg,4
334,hand3_4_dif_seg_5_cropped.jpeg,4
335,hand4_4_bot_seg_1_cropped.jpeg,4
336,hand4_4_bot_seg_2_cropped.jpeg,4
337,hand4_4_bot_seg_3_cropped.jpeg,4
338,hand4_4_bot_seg_4_cropped.jpeg,4
339,hand4_4_bot_seg_5_cropped.jpeg,4
340,hand5_4_bot_seg_1_cropped.jpeg,4
341,hand5_4_bot_seg_2_cropped.jpeg,4
342,hand5_4_bot_seg_3_cropped.jpeg,4
343,hand5_4_bot_seg_4_cropped.jpeg,4
344,hand5_4_bot_seg_5_cropped.jpeg,4
345,hand5_4_dif_seg_1_cropped.jpeg,4
346,hand5_4_dif_seg_2_cropped.jpeg,4
347,hand5_4_dif_seg_3_cropped.jpeg,4
348,hand5_4_dif_seg_4_cropped.jpeg,4
349,hand5_4_dif_seg_5_cropped.jpeg,4
350,hand1_5_bot_seg_1_cropped.jpeg,5
351,hand1_5_bot_seg_2_cropped.jpeg,5
352,hand1_5_bot_seg_3_cropped.jpeg,5
353,hand1_5_bot_seg_4_cropped.jpeg,5
354,hand1_5_bot_seg_5_cropped.jpeg,5
355,hand1_5_dif_seg_1_cropped.jpeg,5
356,hand1_5_dif_seg_2_cropped.jpeg,5
357,hand1_5_dif_seg_3_cropped.jpeg,5
358,hand1_5_dif_seg_4_cropped.jpeg,5
359,hand1_5_dif_seg_5_cropped.jpeg,5
360,hand1_5_left_seg_1_cropped.jpeg,5
361,hand1_5_left_seg_2_cropped.jpeg,5
362,hand1_5_left_seg_3_cropped.jpeg,5
363,hand1_5_left_seg_4_cropped.jpeg,5
364,hand1_5_left_seg_5_cropped.jpeg,5
365,hand1_5_right_seg_1_cropped.jpeg,5
366,hand1_5_right_seg_2_cropped.jpeg,5
367,hand1_5_right_seg_3_cropped.jpeg,5
368,hand1_5_right_seg_4_cropped.jpeg,5
369,hand1_5_right_seg_5_cropped.jpeg,5
370,hand1_5_top_seg_1_cropped.jpeg,5
371,hand1_5_top_seg_2_cropped.jpeg,5
372,hand1_5_top_seg_3_cropped.jpeg,5
373,hand1_5_top_seg_4_cropped.jpeg,5
374,hand1_5_top_seg_5_cropped.jpeg,5
375,hand2_5_bot_seg_1_cropped.jpeg,5
376,hand2_5_bot_seg_2_cropped.jpeg,5
377,hand2_5_bot_seg_3_cropped.jpeg,5
378,hand2_5_bot_seg_4_cropped.jpeg,5
379,hand2_5_bot_seg_5_cropped.jpeg,5
380,hand2_5_dif_seg_1_cropped.jpeg,5
381,hand2_5_dif_seg_2_cropped.jpeg,5
382,hand2_5_dif_seg_3_cropped.jpeg,5
383,hand2_5_dif_seg_4_cropped.jpeg,5
384,hand2_5_dif_seg_5_cropped.jpeg,5
385,hand2_5_left_seg_1_cropped.jpeg,5
386,hand2_5_left_seg_2_cropped.jpeg,5
387,hand2_5_left_seg_3_cropped.jpeg,5
388,hand2_5_left_seg_4_cropped.jpeg,5
389,hand2_5_left_seg_5_cropped.jpeg,5
390,hand2_5_right_seg_1_cropped.jpeg,5
391,hand2_5_right_seg_2_cropped.jpeg,5
392,hand2_5_right_seg_3_cropped.jpeg,5
393,hand2_5_right_seg_4_cropped.jpeg,5
394,hand2_5_right_seg_5_cropped.jpeg,5
395,hand2_5_top_seg_1_cropped.jpeg,5
396,hand2_5_top_seg_2_cropped.jpeg,5
397,hand2_5_top_seg_3_cropped.jpeg,5
398,hand2_5_top_seg_4_cropped.jpeg,5
399,hand2_5_top_seg_5_cropped.jpeg,5
400,hand3_5_dif_seg_1_cropped.jpeg,5
401,hand3_5_dif_seg_2_cropped.jpeg,5
402,hand3_5_dif_seg_3_cropped.jpeg,5
403,hand3_5_dif_seg_4_cropped.jpeg,5
404,hand3_5_dif_seg_5_cropped.jpeg,5
405,hand4_5_bot_seg_1_cropped.jpeg,5
406,hand4_5_bot_seg_2_cropped.jpeg,5
407,hand4_5_bot_seg_3_cropped.jpeg,5
408,hand4_5_bot_seg_4_cropped.jpeg,5
409,hand4_5_bot_seg_5_cropped.jpeg,5
410,hand5_5_bot_seg_1_cropped.jpeg,5
411,hand5_5_bot_seg_2_cropped.jpeg,5
412,hand5_5_bot_seg_3_cropped.jpeg,5
413,hand5_5_bot_seg_4_cropped.jpeg,5
414,hand5_5_bot_seg_5_cropped.jpeg,5
415,hand5_5_dif_seg_1_cropped.jpeg,5
416,hand5_5_dif_seg_2_cropped.jpeg,5
417,hand5_5_dif_seg_3_cropped.jpeg,5
418,hand5_5_dif_seg_4_cropped.jpeg,5
419,hand5_5_dif_seg_5_cropped.jpeg,5
420,hand1_6_bot_seg_1_cropped.jpeg,6
421,hand1_6_bot_seg_2_cropped.jpeg,6
422,hand1_6_bot_seg_3_cropped.jpeg,6
423,hand1_6_bot_seg_4_cropped.jpeg,6
424,hand1_6_bot_seg_5_cropped.jpeg,6
425,hand1_6_dif_seg_1_cropped.jpeg,6
426,hand1_6_dif_seg_2_cropped.jpeg,6
427,hand1_6_dif_seg_3_cropped.jpeg,6
428,hand1_6_dif_seg_4_cropped.jpeg,6
429,hand1_6_dif_seg_5_cropped.jpeg,6
430,hand1_6_left_seg_1_cropped.jpeg,6
431,hand1_6_left_seg_2_cropped.jpeg,6
432,hand1_6_left_seg_3_cropped.jpeg,6
433,hand1_6_left_seg_4_cropped.jpeg,6
434,hand1_6_left_seg_5_cropped.jpeg,6
435,hand1_6_right_seg_1_cropped.jpeg,6
436,hand1_6_right_seg_2_cropped.jpeg,6
437,hand1_6_right_seg_3_cropped.jpeg,6
438,hand1_6_right_seg_4_cropped.jpeg,6
439,hand1_6_right_seg_5_cropped.jpeg,6
440,hand1_6_top_seg_1_cropped.jpeg,6
441,hand1_6_top_seg_2_cropped.jpeg,6
442,hand1_6_top_seg_3_cropped.jpeg,6
443,hand1_6_top_seg_4_cropped.jpeg,6
444,hand1_6_top_seg_5_cropped.jpeg,6
445,hand2_6_bot_seg_1_cropped.jpeg,6
446,hand2_6_bot_seg_2_cropped.jpeg,6
447,hand2_6_bot_seg_3_cropped.jpeg,6
448,hand2_6_bot_seg_4_cropped.jpeg,6
449,hand2_6_bot_seg_5_cropped.jpeg,6
450,hand2_6_dif_seg_1_cropped.jpeg,6
451,hand2_6_dif_seg_2_cropped.jpeg,6
452,hand2_6_dif_seg_3_cropped.jpeg,6
453,hand2_6_dif_seg_4_cropped.jpeg,6
454,hand2_6_dif_seg_5_cropped.jpeg,6
455,hand2_6_left_seg_1_cropped.jpeg,6
456,hand2_6_left_seg_2_cropped.jpeg,6
457,hand2_6_left_seg_3_cropped.jpeg,6
458,hand2_6_left_seg_4_cropped.jpeg,6
459,hand2_6_left_seg_5_cropped.jpeg,6
460,hand2_6_right_seg_1_cropped.jpeg,6
461,hand2_6_right_seg_2_cropped.jpeg,6
462,hand2_6_right_seg_3_cropped.jpeg,6
463,hand2_6_right_seg_4_cropped.jpeg,6
464,hand2_6_right_seg_5_cropped.jpeg,6
465,hand2_6_top_seg_1_cropped.jpeg,6
466,hand2_6_top_seg_2_cropped.jpeg,6
467,hand2_6_top_seg_3_cropped.jpeg,6
468,hand2_6_top_seg_4_cropped.jpeg,6
469,hand2_6_top_seg_5_cropped.jpeg,6
470,hand3_6_dif_seg_1_cropped.jpeg,6
471,hand3_6_dif_seg_2_cropped.jpeg,6
472,hand3_6_dif_seg_3_cropped.jpeg,6
473,hand3_6_dif_seg_4_cropped.jpeg,6
474,hand3_6_dif_seg_5_cropped.jpeg,6
475,hand4_6_bot_seg_1_cropped.jpeg,6
476,hand4_6_bot_seg_2_cropped.jpeg,6
477,hand4_6_bot_seg_3_cropped.jpeg,6
478,hand4_6_bot_seg_4_cropped.jpeg,6
479,hand4_6_bot_seg_5_cropped.jpeg,6
480,hand5_6_bot_seg_1_cropped.jpeg,6
481,hand5_6_bot_seg_2_cropped.jpeg,6
482,hand5_6_bot_seg_3_cropped.jpeg,6
483,hand5_6_bot_seg_4_cropped.jpeg,6
484,hand5_6_bot_seg_5_cropped.jpeg,6
485,hand5_6_dif_seg_1_cropped.jpeg,6
486,hand5_6_dif_seg_2_cropped.jpeg,6
487,hand5_6_dif_seg_3_cropped.jpeg,6
488,hand5_6_dif_seg_4_cropped.jpeg,6
489,hand5_6_dif_seg_5_cropped.jpeg,6
490,hand1_7_bot_seg_1_cropped.jpeg,7
491,hand1_7_bot_seg_2_cropped.jpeg,7
492,hand1_7_bot_seg_3_cropped.jpeg,7
493,hand1_7_bot_seg_4_cropped.jpeg,7
494,hand1_7_bot_seg_5_cropped.jpeg,7
495,hand1_7_dif_seg_1_cropped.jpeg,7
496,hand1_7_dif_seg_2_cropped.jpeg,7
497,hand1_7_dif_seg_3_cropped.jpeg,7
498,hand1_7_dif_seg_4_cropped.jpeg,7
499,hand1_7_dif_seg_5_cropped.jpeg,7
500,hand1_7_left_seg_1_cropped.jpeg,7
501,hand1_7_left_seg_2_cropped.jpeg,7
502,hand1_7_left_seg_3_cropped.jpeg,7
503,hand1_7_left_seg_4_cropped.jpeg,7
504,hand1_7_left_seg_5_cropped.jpeg,7
505,hand1_7_right_seg_1_cropped.jpeg,7
506,hand1_7_right_seg_2_cropped.jpeg,7
507,hand1_7_right_seg_3_cropped.jpeg,7
508,hand1_7_right_seg_4_cropped.jpeg,7
509,hand1_7_right_seg_5_cropped.jpeg,7
510,hand1_7_top_seg_1_cropped.jpeg,7
511,hand1_7_top_seg_2_cropped.jpeg,7
512,hand1_7_top_seg_3_cropped.jpeg,7
513,hand1_7_top_seg_4_cropped.jpeg,7
514,hand1_7_top_seg_5_cropped.jpeg,7
515,hand2_7_bot_seg_1_cropped.jpeg,7
516,hand2_7_bot_seg_2_cropped.jpeg,7
517,hand2_7_bot_seg_3_cropped.jpeg,7
518,hand2_7_bot_seg_4_cropped.jpeg,7
519,hand2_7_bot_seg_5_cropped.jpeg,7
520,hand2_7_dif_seg_1_cropped.jpeg,7
521,hand2_7_dif_seg_2_cropped.jpeg,7
522,hand2_7_dif_seg_3_cropped.jpeg,7
523,hand2_7_dif_seg_4_cropped.jpeg,7
524,hand2_7_dif_seg_5_cropped.jpeg,7
525,hand2_7_left_seg_1_cropped.jpeg,7
526,hand2_7_left_seg_2_cropped.jpeg,7
527,hand2_7_left_seg_3_cropped.jpeg,7
528,hand2_7_left_seg_4_cropped.jpeg,7
529,hand2_7_left_seg_5_cropped.jpeg,7
530,hand2_7_right_seg_1_cropped.jpeg,7
531,hand2_7_right_seg_2_cropped.jpeg,7
532,hand2_7_right_seg_3_cropped.jpeg,7
533,hand2_7_right_seg_4_cropped.jpeg,7
534,hand2_7_right_seg_5_cropped.jpeg,7
535,hand2_7_top_seg_1_cropped.jpeg,7
536,hand2_7_top_seg_2_cropped.jpeg,7
537,hand2_7_top_seg_3_cropped.jpeg,7
538,hand2_7_top_seg_4_cropped.jpeg,7
539,hand2_7_top_seg_5_cropped.jpeg,7
540,hand3_7_dif_seg_1_cropped.jpeg,7
541,hand3_7_dif_seg_2_cropped.jpeg,7
542,hand3_7_dif_seg_3_cropped.jpeg,7
543,hand3_7_dif_seg_4_cropped.jpeg,7
544,hand3_7_dif_seg_5_cropped.jpeg,7
545,hand4_7_bot_seg_1_cropped.jpeg,7
546,hand4_7_bot_seg_2_cropped.jpeg,7
547,hand4_7_bot_seg_3_cropped.jpeg,7
548,hand4_7_bot_seg_4_cropped.jpeg,7
549,hand4_7_bot_seg_5_cropped.jpeg,7
550,hand5_7_bot_seg_1_cropped.jpeg,7
551,hand5_7_bot_seg_2_cropped.jpeg,7
552,hand5_7_bot_seg_3_cropped.jpeg,7
553,hand5_7_bot_seg_4_cropped.jpeg,7
554,hand5_7_bot_seg_5_cropped.jpeg,7
555,hand5_7_dif_seg_1_cropped.jpeg,7
556,hand5_7_dif_seg_2_cropped.jpeg,7
557,hand5_7_dif_seg_3_cropped.jpeg,7
558,hand5_7_dif_seg_4_cropped.jpeg,7
559,hand5_7_dif_seg_5_cropped.jpeg,7
560,hand1_8_bot_seg_1_cropped.jpeg,8
561,hand1_8_bot_seg_2_cropped.jpeg,8
562,hand1_8_bot_seg_3_cropped.jpeg,8
563,hand1_8_bot_seg_4_cropped.jpeg,8
564,hand1_8_bot_seg_5_cropped.jpeg,8
565,hand1_8_dif_seg_1_cropped.jpeg,8
566,hand1_8_dif_seg_2_cropped.jpeg,8
567,hand1_8_dif_seg_3_cropped.jpeg,8
568,hand1_8_dif_seg_4_cropped.jpeg,8
569,hand1_8_dif_seg_5_cropped.jpeg,8
570,hand1_8_left_seg_1_cropped.jpeg,8
571,hand1_8_left_seg_2_cropped.jpeg,8
572,hand1_8_left_seg_3_cropped.jpeg,8
573,hand1_8_left_seg_4_cropped.jpeg,8
574,hand1_8_left_seg_5_cropped.jpeg,8
575,hand1_8_right_seg_1_cropped.jpeg,8
576,hand1_8_right_seg_2_cropped.jpeg,8
577,hand1_8_right_seg_3_cropped.jpeg,8
578,hand1_8_right_seg_4_cropped.jpeg,8
579,hand1_8_right_seg_5_cropped.jpeg,8
580,hand1_8_top_seg_1_cropped.jpeg,8
581,hand1_8_top_seg_2_cropped.jpeg,8
582,hand1_8_top_seg_3_cropped.jpeg,8
583,hand1_8_top_seg_4_cropped.jpeg,8
584,hand1_8_top_seg_5_cropped.jpeg,8
585,hand2_8_bot_seg_1_cropped.jpeg,8
586,hand2_8_bot_seg_2_cropped.jpeg,8
587,hand2_8_bot_seg_3_cropped.jpeg,8
588,hand2_8_bot_seg_4_cropped.jpeg,8
589,hand2_8_bot_seg_5_cropped.jpeg,8
590,hand2_8_dif_seg_1_cropped.jpeg,8
591,hand2_8_dif_seg_2_cropped.jpeg,8
592,hand2_8_dif_seg_3_cropped.jpeg,8
593,hand2_8_dif_seg_4_cropped.jpeg,8
594,hand2_8_dif_seg_5_cropped.jpeg,8
595,hand2_8_left_seg_1_cropped.jpeg,8
596,hand2_8_left_seg_2_cropped.jpeg,8
597,hand2_8_left_seg_3_cropped.jpeg,8
598,hand2_8_left_seg_4_cropped.jpeg,8
599,hand2_8_left_seg_5_cropped.jpeg,8
600,hand2_8_right_seg_1_cropped.jpeg,8
601,hand2_8_right_seg_2_cropped.jpeg,8
602,hand2_8_right_seg_3_cropped.jpeg,8
603,hand2_8_right_seg_4_cropped.jpeg,8
604,hand2_8_right_seg_5_cropped.jpeg,8
605,hand2_8_top_seg_1_cropped.jpeg,8
606,hand2_8_top_seg_2_cropped.jpeg,8
607,hand2_8_top_seg_3_cropped.jpeg,8
608,hand2_8_top_seg_4_cropped.jpeg,8
609,hand2_8_top_seg_5_cropped.jpeg,8
610,hand3_8_dif_seg_1_cropped.jpeg,8
611,hand3_8_dif_seg_2_cropped.jpeg,8
612,hand3_8_dif_seg_3_cropped.jpeg,8
613,hand3_8_dif_seg_4_cropped.jpeg,8
614,hand3_8_dif_seg_5_cropped.jpeg,8
615,hand4_8_bot_seg_1_cropped.jpeg,8
616,hand4_8_bot_seg_2_cropped.jpeg,8
617,hand4_8_bot_seg_3_cropped.jpeg,8
618,hand4_8_bot_seg_4_cropped.jpeg,8
619,hand4_8_bot_seg_5_cropped.jpeg,8
620,hand5_8_bot_seg_1_cropped.jpeg,8
621,hand5_8_bot_seg_2_cropped.jpeg,8
622,hand5_8_bot_seg_3_cropped.jpeg,8
623,hand5_8_bot_seg_4_cropped.jpeg,8
624,hand5_8_bot_seg_5_cropped.jpeg,8
625,hand5_8_dif_seg_1_cropped.jpeg,8
626,hand5_8_dif_seg_2_cropped.jpeg,8
627,hand5_8_dif_seg_3_cropped.jpeg,8
628,hand5_8_dif_seg_4_cropped.jpeg,8
629,hand5_8_dif_seg_5_cropped.jpeg,8
630,hand1_9_bot_seg_1_cropped.jpeg,9
631,hand1_9_bot_seg_2_cropped.jpeg,9
632,hand1_9_bot_seg_3_cropped.jpeg,9
633,hand1_9_bot_seg_4_cropped.jpeg,9
634,hand1_9_bot_seg_5_cropped.jpeg,9
635,hand1_9_dif_seg_1_cropped.jpeg,9
636,hand1_9_dif_seg_2_cropped.jpeg,9
637,hand1_9_dif_seg_3_cropped.jpeg,9
638,hand1_9_dif_seg_4_cropped.jpeg,9
639,hand1_9_dif_seg_5_cropped.jpeg,9
640,hand1_9_left_seg_1_cropped.jpeg,9
641,hand1_9_left_seg_2_cropped.jpeg,9
642,hand1_9_left_seg_3_cropped.jpeg,9
643,hand1_9_left_seg_4_cropped.jpeg,9
644,hand1_9_left_seg_5_cropped.jpeg,9
645,hand1_9_right_seg_1_cropped.jpeg,9
646,hand1_9_right_seg_2_cropped.jpeg,9
647,hand1_9_right_seg_3_cropped.jpeg,9
648,hand1_9_right_seg_4_cropped.jpeg,9
649,hand1_9_right_seg_5_cropped.jpeg,9
650,hand1_9_top_seg_1_cropped.jpeg,9
651,hand1_9_top_seg_2_cropped.jpeg,9
652,hand1_9_top_seg_3_cropped.jpeg,9
653,hand1_9_top_seg_4_cropped.jpeg,9
654,hand1_9_top_seg_5_cropped.jpeg,9
655,hand2_9_bot_seg_1_cropped.jpeg,9
656,hand2_9_bot_seg_2_cropped.jpeg,9
657,hand2_9_bot_seg_3_cropped.jpeg,9
658,hand2_9_bot_seg_4_cropped.jpeg,9
659,hand2_9_bot_seg_5_cropped.jpeg,9
660,hand2_9_dif_seg_1_cropped.jpeg,9
661,hand2_9_dif_seg_2_cropped.jpeg,9
662,hand2_9_dif_seg_3_cropped.jpeg,9
663,hand2_9_dif_seg_4_cropped.jpeg,9
664,hand2_9_dif_seg_5_cropped.jpeg,9
665,hand2_9_left_seg_1_cropped.jpeg,9
666,hand2_9_left_seg_2_cropped.jpeg,9
667,hand2_9_left_seg_3_cropped.jpeg,9
668,hand2_9_left_seg_4_cropped.jpeg,9
669,hand2_9_left_seg_5_cropped.jpeg,9
670,hand2_9_right_seg_1_cropped.jpeg,9
671,hand2_9_right_seg_2_cropped.jpeg,9
672,hand2_9_right_seg_3_cropped.jpeg,9
673,hand2_9_right_seg_4_cropped.jpeg,9
674,hand2_9_right_seg_5_cropped.jpeg,9
675,hand2_9_top_seg_1_cropped.jpeg,9
676,hand2_9_top_seg_2_cropped.jpeg,9
677,hand2_9_top_seg_3_cropped.jpeg,9
678,hand2_9_top_seg_4_cropped.jpeg,9
679,hand2_9_top_seg_5_cropped.jpeg,9
680,hand3_9_dif_seg_1_cropped.jpeg,9
681,hand3_9_dif_seg_2_cropped.jpeg,9
682,hand3_9_dif_seg_3_cropped.jpeg,9
683,hand3_9_dif_seg_4_cropped.jpeg,9
684,hand3_9_dif_seg_5_cropped.jpeg,9
685,hand4_9_bot_seg_1_cropped.jpeg,9
686,hand4_9_bot_seg_2_cropped.jpeg,9
687,hand4_9_bot_seg_3_cropped.jpeg,9
688,hand4_9_bot_seg_4_cropped.jpeg,9
689,hand4_9_bot_seg_5_cropped.jpeg,9
690,hand5_9_bot_seg_1_cropped.jpeg,9
691,hand5_9_bot_seg_2_cropped.jpeg,9
692,hand5_9_bot_seg_3_cropped.jpeg,9
693,hand5_9_bot_seg_4_cropped.jpeg,9
694,hand5_9_bot_seg_5_cropped.jpeg,9
695,hand5_9_dif_seg_1_cropped.jpeg,9
696,hand5_9_dif_seg_2_cropped.jpeg,9
697,hand5_9_dif_seg_3_cropped.jpeg,9
698,hand5_9_dif_seg_4_cropped.jpeg,9
699,hand5_9_dif_seg_5_cropped.jpeg,9
700,hand1_a_bot_seg_1_cropped.jpeg,a
701,hand1_a_bot_seg_2_cropped.jpeg,a
702,hand1_a_bot_seg_3_cropped.jpeg,a
703,hand1_a_bot_seg_4_cropped.jpeg,a
704,hand1_a_bot_seg_5_cropped.jpeg,a
705,hand1_a_dif_seg_1_cropped.jpeg,a
706,hand1_a_dif_seg_2_cropped.jpeg,a
707,hand1_a_dif_seg_3_cropped.jpeg,a
708,hand1_a_dif_seg_4_cropped.jpeg,a
709,hand1_a_dif_seg_5_cropped.jpeg,a
710,hand1_a_left_seg_1_cropped.jpeg,a
711,hand1_a_left_seg_2_cropped.jpeg,a
712,hand1_a_left_seg_3_cropped.jpeg,a
713,hand1_a_left_seg_4_cropped.jpeg,a
714,hand1_a_left_seg_5_cropped.jpeg,a
715,hand1_a_right_seg_1_cropped.jpeg,a
716,hand1_a_right_seg_2_cropped.jpeg,a
717,hand1_a_right_seg_3_cropped.jpeg,a
718,hand1_a_right_seg_4_cropped.jpeg,a
719,hand1_a_right_seg_5_cropped.jpeg,a
720,hand1_a_top_seg_1_cropped.jpeg,a
721,hand1_a_top_seg_2_cropped.jpeg,a
722,hand1_a_top_seg_3_cropped.jpeg,a
723,hand1_a_top_seg_4_cropped.jpeg,a
724,hand1_a_top_seg_5_cropped.jpeg,a
725,hand2_a_bot_seg_1_cropped.jpeg,a
726,hand2_a_bot_seg_2_cropped.jpeg,a
727,hand2_a_bot_seg_3_cropped.jpeg,a
728,hand2_a_bot_seg_4_cropped.jpeg,a
729,hand2_a_bot_seg_5_cropped.jpeg,a
730,hand2_a_dif_seg_1_cropped.jpeg,a
731,hand2_a_dif_seg_2_cropped.jpeg,a
732,hand2_a_dif_seg_3_cropped.jpeg,a
733,hand2_a_dif_seg_4_cropped.jpeg,a
734,hand2_a_dif_seg_5_cropped.jpeg,a
735,hand2_a_left_seg_1_cropped.jpeg,a
736,hand2_a_left_seg_2_cropped.jpeg,a
737,hand2_a_left_seg_3_cropped.jpeg,a
738,hand2_a_left_seg_4_cropped.jpeg,a
739,hand2_a_left_seg_5_cropped.jpeg,a
740,hand2_a_right_seg_1_cropped.jpeg,a
741,hand2_a_right_seg_2_cropped.jpeg,a
742,hand2_a_right_seg_3_cropped.jpeg,a
743,hand2_a_right_seg_4_cropped.jpeg,a
744,hand2_a_right_seg_5_cropped.jpeg,a
745,hand2_a_top_seg_1_cropped.jpeg,a
746,hand2_a_top_seg_2_cropped.jpeg,a
747,hand2_a_top_seg_3_cropped.jpeg,a
748,hand2_a_top_seg_4_cropped.jpeg,a
749,hand2_a_top_seg_5_cropped.jpeg,a
750,hand3_a_dif_seg_1_cropped.jpeg,a
751,hand3_a_dif_seg_2_cropped.jpeg,a
752,hand3_a_dif_seg_3_cropped.jpeg,a
753,hand3_a_dif_seg_4_cropped.jpeg,a
754,hand3_a_dif_seg_5_cropped.jpeg,a
755,hand4_a_bot_seg_1_cropped.jpeg,a
756,hand4_a_bot_seg_2_cropped.jpeg,a
757,hand4_a_bot_seg_3_cropped.jpeg,a
758,hand4_a_bot_seg_4_cropped.jpeg,a
759,hand4_a_bot_seg_5_cropped.jpeg,a
760,hand5_a_bot_seg_1_cropped.jpeg,a
761,hand5_a_bot_seg_2_cropped.jpeg,a
762,hand5_a_bot_seg_3_cropped.jpeg,a
763,hand5_a_bot_seg_4_cropped.jpeg,a
764,hand5_a_bot_seg_5_cropped.jpeg,a
765,hand5_a_dif_seg_1_cropped.jpeg,a
766,hand5_a_dif_seg_2_cropped.jpeg,a
767,hand5_a_dif_seg_3_cropped.jpeg,a
768,hand5_a_dif_seg_4_cropped.jpeg,a
769,hand5_a_dif_seg_5_cropped.jpeg,a
770,hand1_b_bot_seg_1_cropped.jpeg,b
771,hand1_b_bot_seg_2_cropped.jpeg,b
772,hand1_b_bot_seg_3_cropped.jpeg,b
773,hand1_b_bot_seg_4_cropped.jpeg,b
774,hand1_b_bot_seg_5_cropped.jpeg,b
775,hand1_b_dif_seg_1_cropped.jpeg,b
776,hand1_b_dif_seg_2_cropped.jpeg,b
777,hand1_b_dif_seg_3_cropped.jpeg,b
778,hand1_b_dif_seg_4_cropped.jpeg,b
779,hand1_b_dif_seg_5_cropped.jpeg,b
780,hand1_b_left_seg_1_cropped.jpeg,b
781,hand1_b_left_seg_2_cropped.jpeg,b
782,hand1_b_left_seg_3_cropped.jpeg,b
783,hand1_b_left_seg_4_cropped.jpeg,b
784,hand1_b_left_seg_5_cropped.jpeg,b
785,hand1_b_right_seg_1_cropped.jpeg,b
786,hand1_b_right_seg_2_cropped.jpeg,b
787,hand1_b_right_seg_3_cropped.jpeg,b
788,hand1_b_right_seg_4_cropped.jpeg,b
789,hand1_b_right_seg_5_cropped.jpeg,b
790,hand1_b_top_seg_1_cropped.jpeg,b
791,hand1_b_top_seg_2_cropped.jpeg,b
792,hand1_b_top_seg_3_cropped.jpeg,b
793,hand1_b_top_seg_4_cropped.jpeg,b
794,hand1_b_top_seg_5_cropped.jpeg,b
795,hand2_b_bot_seg_1_cropped.jpeg,b
796,hand2_b_bot_seg_2_cropped.jpeg,b
797,hand2_b_bot_seg_3_cropped.jpeg,b
798,hand2_b_bot_seg_4_cropped.jpeg,b
799,hand2_b_bot_seg_5_cropped.jpeg,b
800,hand2_b_dif_seg_1_cropped.jpeg,b
801,hand2_b_dif_seg_2_cropped.jpeg,b
802,hand2_b_dif_seg_3_cropped.jpeg,b
803,hand2_b_dif_seg_4_cropped.jpeg,b
804,hand2_b_dif_seg_5_cropped.jpeg,b
805,hand2_b_left_seg_1_cropped.jpeg,b
806,hand2_b_left_seg_2_cropped.jpeg,b
807,hand2_b_left_seg_3_cropped.jpeg,b
808,hand2_b_left_seg_4_cropped.jpeg,b
809,hand2_b_left_seg_5_cropped.jpeg,b
810,hand2_b_right_seg_1_cropped.jpeg,b
811,hand2_b_right_seg_2_cropped.jpeg,b
812,hand2_b_right_seg_3_cropped.jpeg,b
813,hand2_b_right_seg_4_cropped.jpeg,b
814,hand2_b_right_seg_5_cropped.jpeg,b
815,hand2_b_top_seg_1_cropped.jpeg,b
816,hand2_b_top_seg_2_cropped.jpeg,b
817,hand2_b_top_seg_3_cropped.jpeg,b
818,hand2_b_top_seg_4_cropped.jpeg,b
819,hand2_b_top_seg_5_cropped.jpeg,b
820,hand3_b_dif_seg_1_cropped.jpeg,b
821,hand3_b_dif_seg_2_cropped.jpeg,b
822,hand3_b_dif_seg_3_cropped.jpeg,b
823,hand3_b_dif_seg_4_cropped.jpeg,b
824,hand3_b_dif_seg_5_cropped.jpeg,b
825,hand4_b_bot_seg_1_cropped.jpeg,b
826,hand4_b_bot_seg_2_cropped.jpeg,b
827,hand4_b_bot_seg_3_cropped.jpeg,b
828,hand4_b_bot_seg_4_cropped.jpeg,b
829,hand4_b_bot_seg_5_cropped.jpeg,b
830,hand5_b_bot_seg_1_cropped.jpeg,b
831,hand5_b_bot_seg_2_cropped.jpeg,b
832,hand5_b_bot_seg_3_cropped.jpeg,b
833,hand5_b_bot_seg_4_cropped.jpeg,b
834,hand5_b_bot_seg_5_cropped.jpeg,b
835,hand5_b_dif_seg_1_cropped.jpeg,b
836,hand5_b_dif_seg_2_cropped.jpeg,b
837,hand5_b_dif_seg_3_cropped.jpeg,b
838,hand5_b_dif_seg_4_cropped.jpeg,b
839,hand5_b_dif_seg_5_cropped.jpeg,b
840,hand1_c_bot_seg_1_cropped.jpeg,c
841,hand1_c_bot_seg_2_cropped.jpeg,c
842,hand1_c_bot_seg_3_cropped.jpeg,c
843,hand1_c_bot_seg_4_cropped.jpeg,c
844,hand1_c_bot_seg_5_cropped.jpeg,c
845,hand1_c_dif_seg_1_cropped.jpeg,c
846,hand1_c_dif_seg_2_cropped.jpeg,c
847,hand1_c_dif_seg_3_cropped.jpeg,c
848,hand1_c_dif_seg_4_cropped.jpeg,c
849,hand1_c_dif_seg_5_cropped.jpeg,c
850,hand1_c_left_seg_1_cropped.jpeg,c
851,hand1_c_left_seg_2_cropped.jpeg,c
852,hand1_c_left_seg_3_cropped.jpeg,c
853,hand1_c_left_seg_4_cropped.jpeg,c
854,hand1_c_left_seg_5_cropped.jpeg,c
855,hand1_c_right_seg_1_cropped.jpeg,c
856,hand1_c_right_seg_2_cropped.jpeg,c
857,hand1_c_right_seg_3_cropped.jpeg,c
858,hand1_c_right_seg_4_cropped.jpeg,c
859,hand1_c_right_seg_5_cropped.jpeg,c
860,hand1_c_top_seg_1_cropped.jpeg,c
861,hand1_c_top_seg_2_cropped.jpeg,c
862,hand1_c_top_seg_3_cropped.jpeg,c
863,hand1_c_top_seg_4_cropped.jpeg,c
864,hand1_c_top_seg_5_cropped.jpeg,c
865,hand2_c_bot_seg_1_cropped.jpeg,c
866,hand2_c_bot_seg_2_cropped.jpeg,c
867,hand2_c_bot_seg_3_cropped.jpeg,c
868,hand2_c_bot_seg_4_cropped.jpeg,c
869,hand2_c_bot_seg_5_cropped.jpeg,c
870,hand2_c_dif_seg_1_cropped.jpeg,c
871,hand2_c_dif_seg_2_cropped.jpeg,c
872,hand2_c_dif_seg_3_cropped.jpeg,c
873,hand2_c_dif_seg_4_cropped.jpeg,c
874,hand2_c_dif_seg_5_cropped.jpeg,c
875,hand2_c_left_seg_1_cropped.jpeg,c
876,hand2_c_left_seg_2_cropped.jpeg,c
877,hand2_c_left_seg_3_cropped.jpeg,c
878,hand2_c_left_seg_4_cropped.jpeg,c
879,hand2_c_left_seg_5_cropped.jpeg,c
880,hand2_c_right_seg_1_cropped.jpeg,c
881,hand2_c_right_seg_2_cropped.jpeg,c
882,hand2_c_right_seg_3_cropped.jpeg,c
883,hand2_c_right_seg_4_cropped.jpeg,c
884,hand2_c_right_seg_5_cropped.jpeg,c
885,hand2_c_top_seg_1_cropped.jpeg,c
886,hand2_c_top_seg_2_cropped.jpeg,c
887,hand2_c_top_seg_3_cropped.jpeg,c
888,hand2_c_top_seg_4_cropped.jpeg,c
889,hand2_c_top_seg_5_cropped.jpeg,c
890,hand3_c_dif_seg_1_cropped.jpeg,c
891,hand3_c_dif_seg_2_cropped.jpeg,c
892,hand3_c_dif_seg_3_cropped.jpeg,c
893,hand3_c_dif_seg_4_cropped.jpeg,c
894,hand3_c_dif_seg_5_cropped.jpeg,c
895,hand4_c_bot_seg_1_cropped.jpeg,c
896,hand4_c_bot_seg_2_cropped.jpeg,c
897,hand4_c_bot_seg_3_cropped.jpeg,c
898,hand4_c_bot_seg_4_cropped.jpeg,c
899,hand4_c_bot_seg_5_cropped.jpeg,c
900,hand5_c_bot_seg_1_cropped.jpeg,c
901,hand5_c_bot_seg_2_cropped.jpeg,c
902,hand5_c_bot_seg_3_cropped.jpeg,c
903,hand5_c_bot_seg_4_cropped.jpeg,c
904,hand5_c_bot_seg_5_cropped.jpeg,c
905,hand5_c_dif_seg_1_cropped.jpeg,c
906,hand5_c_dif_seg_2_cropped.jpeg,c
907,hand5_c_dif_seg_3_cropped.jpeg,c
908,hand5_c_dif_seg_4_cropped.jpeg,c
909,hand5_c_dif_seg_5_cropped.jpeg,c
910,hand1_d_bot_seg_1_cropped.jpeg,d
911,hand1_d_bot_seg_2_cropped.jpeg,d
912,hand1_d_bot_seg_3_cropped.jpeg,d
913,hand1_d_bot_seg_4_cropped.jpeg,d
914,hand1_d_bot_seg_5_cropped.jpeg,d
915,hand1_d_dif_seg_1_cropped.jpeg,d
916,hand1_d_dif_seg_2_cropped.jpeg,d
917,hand1_d_dif_seg_3_cropped.jpeg,d
918,hand1_d_dif_seg_4_cropped.jpeg,d
919,hand1_d_dif_seg_5_cropped.jpeg,d
920,hand1_d_left_seg_1_cropped.jpeg,d
921,hand1_d_left_seg_2_cropped.jpeg,d
922,hand1_d_left_seg_3_cropped.jpeg,d
923,hand1_d_left_seg_4_cropped.jpeg,d
924,hand1_d_left_seg_5_cropped.jpeg,d
925,hand1_d_right_seg_1_cropped.jpeg,d
926,hand1_d_right_seg_2_cropped.jpeg,d
927,hand1_d_right_seg_3_cropped.jpeg,d
928,hand1_d_right_seg_4_cropped.jpeg,d
929,hand1_d_right_seg_5_cropped.jpeg,d
930,hand1_d_top_seg_1_cropped.jpeg,d
931,hand1_d_top_seg_2_cropped.jpeg,d
932,hand1_d_top_seg_3_cropped.jpeg,d
933,hand1_d_top_seg_4_cropped.jpeg,d
934,hand1_d_top_seg_5_cropped.jpeg,d
935,hand2_d_bot_seg_1_cropped.jpeg,d
936,hand2_d_bot_seg_2_cropped.jpeg,d
937,hand2_d_bot_seg_3_cropped.jpeg,d
938,hand2_d_bot_seg_4_cropped.jpeg,d
939,hand2_d_bot_seg_5_cropped.jpeg,d
940,hand2_d_dif_seg_1_cropped.jpeg,d
941,hand2_d_dif_seg_2_cropped.jpeg,d
942,hand2_d_dif_seg_3_cropped.jpeg,d
943,hand2_d_dif_seg_4_cropped.jpeg,d
944,hand2_d_dif_seg_5_cropped.jpeg,d
945,hand2_d_left_seg_1_cropped.jpeg,d
946,hand2_d_left_seg_2_cropped.jpeg,d
947,hand2_d_left_seg_3_cropped.jpeg,d
948,hand2_d_left_seg_4_cropped.jpeg,d
949,hand2_d_left_seg_5_cropped.jpeg,d
950,hand2_d_right_seg_1_cropped.jpeg,d
951,hand2_d_right_seg_2_cropped.jpeg,d
952,hand2_d_right_seg_3_cropped.jpeg,d
953,hand2_d_right_seg_4_cropped.jpeg,d
954,hand2_d_right_seg_5_cropped.jpeg,d
955,hand2_d_top_seg_1_cropped.jpeg,d
956,hand2_d_top_seg_2_cropped.jpeg,d
957,hand2_d_top_seg_3_cropped.jpeg,d
958,hand2_d_top_seg_4_cropped.jpeg,d
959,hand2_d_top_seg_5_cropped.jpeg,d
960,hand3_d_dif_seg_1_cropped.jpeg,d
961,hand3_d_dif_seg_2_cropped.jpeg,d
962,hand3_d_dif_seg_3_cropped.jpeg,d
963,hand3_d_dif_seg_4_cropped.jpeg,d
964,hand3_d_dif_seg_5_cropped.jpeg,d
965,hand4_d_bot_seg_1_cropped.jpeg,d
966,hand4_d_bot_seg_2_cropped.jpeg,d
967,hand4_d_bot_seg_3_cropped.jpeg,d
968,hand4_d_bot_seg_4_cropped.jpeg,d
969,hand4_d_bot_seg_5_cropped.jpeg,d
970,hand5_d_bot_seg_1_cropped.jpeg,d
971,hand5_d_bot_seg_2_cropped.jpeg,d
972,hand5_d_bot_seg_3_cropped.jpeg,d
973,hand5_d_bot_seg_4_cropped.jpeg,d
974,hand5_d_bot_seg_5_cropped.jpeg,d
975,hand5_d_dif_seg_1_cropped.jpeg,d
976,hand5_d_dif_seg_2_cropped.jpeg,d
977,hand5_d_dif_seg_3_cropped.jpeg,d
978,hand5_d_dif_seg_4_cropped.jpeg,d
979,hand5_d_dif_seg_5_cropped.jpeg,d
980,hand1_e_bot_seg_1_cropped.jpeg,e
981,hand1_e_bot_seg_2_cropped.jpeg,e
982,hand1_e_bot_seg_3_cropped.jpeg,e
983,hand1_e_bot_seg_4_cropped.jpeg,e
984,hand1_e_bot_seg_5_cropped.jpeg,e
985,hand1_e_dif_seg_1_cropped.jpeg,e
986,hand1_e_dif_seg_2_cropped.jpeg,e
987,hand1_e_dif_seg_3_cropped.jpeg,e
988,hand1_e_dif_seg_4_cropped.jpeg,e
989,hand1_e_dif_seg_5_cropped.jpeg,e
990,hand1_e_left_seg_1_cropped.jpeg,e
991,hand1_e_left_seg_2_cropped.jpeg,e
992,hand1_e_left_seg_3_cropped.jpeg,e
993,hand1_e_left_seg_4_cropped.jpeg,e
994,hand1_e_left_seg_5_cropped.jpeg,e
995,hand1_e_right_seg_1_cropped.jpeg,e
996,hand1_e_right_seg_2_cropped.jpeg,e
997,hand1_e_right_seg_3_cropped.jpeg,e
998,hand1_e_right_seg_4_cropped.jpeg,e
999,hand1_e_right_seg_5_cropped.jpeg,e
1000,hand1_e_top_seg_1_cropped.jpeg,e
1001,hand1_e_top_seg_2_cropped.jpeg,e
1002,hand1_e_top_seg_3_cropped.jpeg,e
1003,hand1_e_top_seg_4_cropped.jpeg,e
1004,hand1_e_top_seg_5_cropped.jpeg,e
1005,hand2_e_bot_seg_1_cropped.jpeg,e
1006,hand2_e_bot_seg_2_cropped.jpeg,e
1007,hand2_e_bot_seg_3_cropped.jpeg,e
1008,hand2_e_bot_seg_4_cropped.jpeg,e
1009,hand2_e_bot_seg_5_cropped.jpeg,e
1010,hand2_e_dif_seg_1_cropped.jpeg,e
1011,hand2_e_dif_seg_2_cropped.jpeg,e
1012,hand2_e_dif_seg_3_cropped.jpeg,e
1013,hand2_e_dif_seg_4_cropped.jpeg,e
1014,hand2_e_dif_seg_5_cropped.jpeg,e
1015,hand2_e_left_seg_1_cropped.jpeg,e
1016,hand2_e_left_seg_2_cropped.jpeg,e
1017,hand2_e_left_seg_3_cropped.jpeg,e
1018,hand2_e_left_seg_4_cropped.jpeg,e
1019,hand2_e_left_seg_5_cropped.jpeg,e
1020,hand2_e_right_seg_1_cropped.jpeg,e
1021,hand2_e_right_seg_2_cropped.jpeg,e
1022,hand2_e_right_seg_3_cropped.jpeg,e
1023,hand2_e_right_seg_4_cropped.jpeg,e
1024,hand2_e_right_seg_5_cropped.jpeg,e
1025,hand2_e_top_seg_1_cropped.jpeg,e
1026,hand2_e_top_seg_2_cropped.jpeg,e
1027,hand2_e_top_seg_3_cropped.jpeg,e
1028,hand2_e_top_seg_4_cropped.jpeg,e
1029,hand2_e_top_seg_5_cropped.jpeg,e
1030,hand3_e_dif_seg_1_cropped.jpeg,e
1031,hand3_e_dif_seg_2_cropped.jpeg,e
1032,hand3_e_dif_seg_3_cropped.jpeg,e
1033,hand3_e_dif_seg_4_cropped.jpeg,e
1034,hand3_e_dif_seg_5_cropped.jpeg,e
1035,hand4_e_bot_seg_1_cropped.jpeg,e
1036,hand4_e_bot_seg_2_cropped.jpeg,e
1037,hand4_e_bot_seg_3_cropped.jpeg,e
1038,hand4_e_bot_seg_4_cropped.jpeg,e
1039,hand4_e_bot_seg_5_cropped.jpeg,e
1040,hand5_e_bot_seg_1_cropped.jpeg,e
1041,hand5_e_bot_seg_2_cropped.jpeg,e
1042,hand5_e_bot_seg_3_cropped.jpeg,e
1043,hand5_e_bot_seg_4_cropped.jpeg,e
1044,hand5_e_bot_seg_5_cropped.jpeg,e
1045,hand5_e_dif_seg_1_cropped.jpeg,e
1046,hand5_e_dif_seg_2_cropped.jpeg,e
1047,hand5_e_dif_seg_3_cropped.jpeg,e
1048,hand5_e_dif_seg_4_cropped.jpeg,e
1049,hand5_e_dif_seg_5_cropped.jpeg,e
1050,hand1_f_bot_seg_1_cropped.jpeg,f
1051,hand1_f_bot_seg_2_cropped.jpeg,f
1052,hand1_f_bot_seg_3_cropped.jpeg,f
1053,hand1_f_bot_seg_4_cropped.jpeg,f
1054,hand1_f_bot_seg_5_cropped.jpeg,f
1055,hand1_f_dif_seg_1_cropped.jpeg,f
1056,hand1_f_dif_seg_2_cropped.jpeg,f
1057,hand1_f_dif_seg_3_cropped.jpeg,f
1058,hand1_f_dif_seg_4_cropped.jpeg,f
1059,hand1_f_dif_seg_5_cropped.jpeg,f
1060,hand1_f_left_seg_1_cropped.jpeg,f
1061,hand1_f_left_seg_2_cropped.jpeg,f
1062,hand1_f_left_seg_3_cropped.jpeg,f
1063,hand1_f_left_seg_4_cropped.jpeg,f
1064,hand1_f_left_seg_5_cropped.jpeg,f
1065,hand1_f_right_seg_1_cropped.jpeg,f
1066,hand1_f_right_seg_2_cropped.jpeg,f
1067,hand1_f_right_seg_3_cropped.jpeg,f
1068,hand1_f_right_seg_4_cropped.jpeg,f
1069,hand1_f_right_seg_5_cropped.jpeg,f
1070,hand1_f_top_seg_1_cropped.jpeg,f
1071,hand1_f_top_seg_2_cropped.jpeg,f
1072,hand1_f_top_seg_3_cropped.jpeg,f
1073,hand1_f_top_seg_4_cropped.jpeg,f
1074,hand1_f_top_seg_5_cropped.jpeg,f
1075,hand2_f_bot_seg_1_cropped.jpeg,f
1076,hand2_f_bot_seg_2_cropped.jpeg,f
1077,hand2_f_bot_seg_3_cropped.jpeg,f
1078,hand2_f_bot_seg_4_cropped.jpeg,f
1079,hand2_f_bot_seg_5_cropped.jpeg,f
1080,hand2_f_dif_seg_1_cropped.jpeg,f
1081,hand2_f_dif_seg_2_cropped.jpeg,f
1082,hand2_f_dif_seg_3_cropped.jpeg,f
1083,hand2_f_dif_seg_4_cropped.jpeg,f
1084,hand2_f_dif_seg_5_cropped.jpeg,f
1085,hand2_f_left_seg_1_cropped.jpeg,f
1086,hand2_f_left_seg_2_cropped.jpeg,f
1087,hand2_f_left_seg_3_cropped.jpeg,f
1088,hand2_f_left_seg_4_cropped.jpeg,f
1089,hand2_f_left_seg_5_cropped.jpeg,f
1090,hand2_f_right_seg_1_cropped.jpeg,f
1091,hand2_f_right_seg_2_cropped.jpeg,f
1092,hand2_f_right_seg_3_cropped.jpeg,f
1093,hand2_f_right_seg_4_cropped.jpeg,f
1094,hand2_f_right_seg_5_cropped.jpeg,f
1095,hand2_f_top_seg_1_cropped.jpeg,f
1096,hand2_f_top_seg_2_cropped.jpeg,f
1097,hand2_f_top_seg_3_cropped.jpeg,f
1098,hand2_f_top_seg_4_cropped.jpeg,f
1099,hand2_f_top_seg_5_cropped.jpeg,f
1100,hand3_f_dif_seg_1_cropped.jpeg,f
1101,hand3_f_dif_seg_2_cropped.jpeg,f
1102,hand3_f_dif_seg_3_cropped.jpeg,f
1103,hand3_f_dif_seg_4_cropped.jpeg,f
1104,hand3_f_dif_seg_5_cropped.jpeg,f
1105,hand4_f_bot_seg_1_cropped.jpeg,f
1106,hand4_f_bot_seg_2_cropped.jpeg,f
1107,hand4_f_bot_seg_3_cropped.jpeg,f
1108,hand4_f_bot_seg_4_cropped.jpeg,f
1109,hand4_f_bot_seg_5_cropped.jpeg,f
1110,hand5_f_bot_seg_1_cropped.jpeg,f
1111,hand5_f_bot_seg_2_cropped.jpeg,f
1112,hand5_f_bot_seg_3_cropped.jpeg,f
1113,hand5_f_bot_seg_4_cropped.jpeg,f
1114,hand5_f_bot_seg_5_cropped.jpeg,f
1115,hand5_f_dif_seg_1_cropped.jpeg,f
1116,hand5_f_dif_seg_2_cropped.jpeg,f
1117,hand5_f_dif_seg_3_cropped.jpeg,f
1118,hand5_f_dif_seg_4_cropped.jpeg,f
1119,hand5_f_dif_seg_5_cropped.jpeg,f
1120,hand1_g_bot_seg_1_cropped.jpeg,g
1121,hand1_g_bot_seg_2_cropped.jpeg,g
1122,hand1_g_bot_seg_3_cropped.jpeg,g
1123,hand1_g_bot_seg_4_cropped.jpeg,g
1124,hand1_g_bot_seg_5_cropped.jpeg,g
1125,hand1_g_dif_seg_1_cropped.jpeg,g
1126,hand1_g_dif_seg_2_cropped.jpeg,g
1127,hand1_g_dif_seg_3_cropped.jpeg,g
1128,hand1_g_dif_seg_4_cropped.jpeg,g
1129,hand1_g_dif_seg_5_cropped.jpeg,g
1130,hand1_g_left_seg_1_cropped.jpeg,g
1131,hand1_g_left_seg_2_cropped.jpeg,g
1132,hand1_g_left_seg_3_cropped.jpeg,g
1133,hand1_g_left_seg_4_cropped.jpeg,g
1134,hand1_g_left_seg_5_cropped.jpeg,g
1135,hand1_g_right_seg_1_cropped.jpeg,g
1136,hand1_g_right_seg_2_cropped.jpeg,g
1137,hand1_g_right_seg_3_cropped.jpeg,g
1138,hand1_g_right_seg_4_cropped.jpeg,g
1139,hand1_g_right_seg_5_cropped.jpeg,g
1140,hand1_g_top_seg_1_cropped.jpeg,g
1141,hand1_g_top_seg_2_cropped.jpeg,g
1142,hand1_g_top_seg_3_cropped.jpeg,g
1143,hand1_g_top_seg_4_cropped.jpeg,g
1144,hand1_g_top_seg_5_cropped.jpeg,g
1145,hand2_g_bot_seg_1_cropped.jpeg,g
1146,hand2_g_bot_seg_2_cropped.jpeg,g
1147,hand2_g_bot_seg_3_cropped.jpeg,g
1148,hand2_g_bot_seg_4_cropped.jpeg,g
1149,hand2_g_bot_seg_5_cropped.jpeg,g
1150,hand2_g_dif_seg_1_cropped.jpeg,g
1151,hand2_g_dif_seg_2_cropped.jpeg,g
1152,hand2_g_dif_seg_3_cropped.jpeg,g
1153,hand2_g_dif_seg_4_cropped.jpeg,g
1154,hand2_g_dif_seg_5_cropped.jpeg,g
1155,hand2_g_left_seg_1_cropped.jpeg,g
1156,hand2_g_left_seg_2_cropped.jpeg,g
1157,hand2_g_left_seg_3_cropped.jpeg,g
1158,hand2_g_left_seg_4_cropped.jpeg,g
1159,hand2_g_left_seg_5_cropped.jpeg,g
1160,hand2_g_right_seg_1_cropped.jpeg,g
1161,hand2_g_right_seg_2_cropped.jpeg,g
1162,hand2_g_right_seg_3_cropped.jpeg,g
1163,hand2_g_right_seg_4_cropped.jpeg,g
1164,hand2_g_right_seg_5_cropped.jpeg,g
1165,hand2_g_top_seg_1_cropped.jpeg,g
1166,hand2_g_top_seg_2_cropped.jpeg,g
1167,hand2_g_top_seg_3_cropped.jpeg,g
1168,hand2_g_top_seg_4_cropped.jpeg,g
1169,hand2_g_top_seg_5_cropped.jpeg,g
1170,hand3_g_dif_seg_1_cropped.jpeg,g
1171,hand3_g_dif_seg_2_cropped.jpeg,g
1172,hand3_g_dif_seg_3_cropped.jpeg,g
1173,hand3_g_dif_seg_4_cropped.jpeg,g
1174,hand3_g_dif_seg_5_cropped.jpeg,g
1175,hand4_g_bot_seg_1_cropped.jpeg,g
1176,hand4_g_bot_seg_2_cropped.jpeg,g
1177,hand4_g_bot_seg_3_cropped.jpeg,g
1178,hand4_g_bot_seg_4_cropped.jpeg,g
1179,hand4_g_bot_seg_5_cropped.jpeg,g
1180,hand5_g_bot_seg_1_cropped.jpeg,g
1181,hand5_g_bot_seg_2_cropped.jpeg,g
1182,hand5_g_bot_seg_3_cropped.jpeg,g
1183,hand5_g_bot_seg_4_cropped.jpeg,g
1184,hand5_g_bot_seg_5_cropped.jpeg,g
1185,hand5_g_dif_seg_1_cropped.jpeg,g
1186,hand5_g_dif_seg_2_cropped.jpeg,g
1187,hand5_g_dif_seg_3_cropped.jpeg,g
1188,hand5_g_dif_seg_4_cropped.jpeg,g
1189,hand5_g_dif_seg_5_cropped.jpeg,g
1190,hand1_h_bot_seg_1_cropped.jpeg,h
1191,hand1_h_bot_seg_2_cropped.jpeg,h
1192,hand1_h_bot_seg_3_cropped.jpeg,h
1193,hand1_h_bot_seg_4_cropped.jpeg,h
1194,hand1_h_bot_seg_5_cropped.jpeg,h
1195,hand1_h_dif_seg_1_cropped.jpeg,h
1196,hand1_h_dif_seg_2_cropped.jpeg,h
1197,hand1_h_dif_seg_3_cropped.jpeg,h
1198,hand1_h_dif_seg_4_cropped.jpeg,h
1199,hand1_h_dif_seg_5_cropped.jpeg,h
1200,hand1_h_left_seg_1_cropped.jpeg,h
1201,hand1_h_left_seg_2_cropped.jpeg,h
1202,hand1_h_left_seg_3_cropped.jpeg,h
1203,hand1_h_left_seg_4_cropped.jpeg,h
1204,hand1_h_left_seg_5_cropped.jpeg,h
1205,hand1_h_right_seg_1_cropped.jpeg,h
1206,hand1_h_right_seg_2_cropped.jpeg,h
1207,hand1_h_right_seg_3_cropped.jpeg,h
1208,hand1_h_right_seg_4_cropped.jpeg,h
1209,hand1_h_right_seg_5_cropped.jpeg,h
1210,hand1_h_top_seg_1_cropped.jpeg,h
1211,hand1_h_top_seg_2_cropped.jpeg,h
1212,hand1_h_top_seg_3_cropped.jpeg,h
1213,hand1_h_top_seg_4_cropped.jpeg,h
1214,hand1_h_top_seg_5_cropped.jpeg,h
1215,hand2_h_bot_seg_1_cropped.jpeg,h
1216,hand2_h_bot_seg_2_cropped.jpeg,h
1217,hand2_h_bot_seg_3_cropped.jpeg,h
1218,hand2_h_bot_seg_4_cropped.jpeg,h
1219,hand2_h_bot_seg_5_cropped.jpeg,h
1220,hand2_h_dif_seg_1_cropped.jpeg,h
1221,hand2_h_dif_seg_2_cropped.jpeg,h
1222,hand2_h_dif_seg_3_cropped.jpeg,h
1223,hand2_h_dif_seg_4_cropped.jpeg,h
1224,hand2_h_dif_seg_5_cropped.jpeg,h
1225,hand2_h_left_seg_1_cropped.jpeg,h
1226,hand2_h_left_seg_2_cropped.jpeg,h
1227,hand2_h_left_seg_3_cropped.jpeg,h
1228,hand2_h_left_seg_4_cropped.jpeg,h
1229,hand2_h_left_seg_5_cropped.jpeg,h
1230,hand2_h_right_seg_1_cropped.jpeg,h
1231,hand2_h_right_seg_2_cropped.jpeg,h
1232,hand2_h_right_seg_3_cropped.jpeg,h
1233,hand2_h_right_seg_4_cropped.jpeg,h
1234,hand2_h_right_seg_5_cropped.jpeg,h
1235,hand2_h_top_seg_1_cropped.jpeg,h
1236,hand2_h_top_seg_2_cropped.jpeg,h
1237,hand2_h_top_seg_3_cropped.jpeg,h
1238,hand2_h_top_seg_4_cropped.jpeg,h
1239,hand2_h_top_seg_5_cropped.jpeg,h
1240,hand3_h_dif_seg_1_cropped.jpeg,h
1241,hand3_h_dif_seg_2_cropped.jpeg,h
1242,hand3_h_dif_seg_3_cropped.jpeg,h
1243,hand3_h_dif_seg_4_cropped.jpeg,h
1244,hand3_h_dif_seg_5_cropped.jpeg,h
1245,hand4_h_bot_seg_1_cropped.jpeg,h
1246,hand4_h_bot_seg_2_cropped.jpeg,h
1247,hand4_h_bot_seg_3_cropped.jpeg,h
1248,hand4_h_bot_seg_4_cropped.jpeg,h
1249,hand4_h_bot_seg_5_cropped.jpeg,h
1250,hand5_h_bot_seg_1_cropped.jpeg,h
1251,hand5_h_bot_seg_2_cropped.jpeg,h
1252,hand5_h_bot_seg_3_cropped.jpeg,h
1253,hand5_h_bot_seg_4_cropped.jpeg,h
1254,hand5_h_bot_seg_5_cropped.jpeg,h
1255,hand5_h_dif_seg_1_cropped.jpeg,h
1256,hand5_h_dif_seg_2_cropped.jpeg,h
1257,hand5_h_dif_seg_3_cropped.jpeg,h
1258,hand5_h_dif_seg_4_cropped.jpeg,h
1259,hand5_h_dif_seg_5_cropped.jpeg,h
1260,hand1_i_bot_seg_1_cropped.jpeg,i
1261,hand1_i_bot_seg_2_cropped.jpeg,i
1262,hand1_i_bot_seg_3_cropped.jpeg,i
1263,hand1_i_bot_seg_4_cropped.jpeg,i
1264,hand1_i_bot_seg_5_cropped.jpeg,i
1265,hand1_i_dif_seg_1_cropped.jpeg,i
1266,hand1_i_dif_seg_2_cropped.jpeg,i
1267,hand1_i_dif_seg_3_cropped.jpeg,i
1268,hand1_i_dif_seg_4_cropped.jpeg,i
1269,hand1_i_dif_seg_5_cropped.jpeg,i
1270,hand1_i_left_seg_1_cropped.jpeg,i
1271,hand1_i_left_seg_2_cropped.jpeg,i
1272,hand1_i_left_seg_3_cropped.jpeg,i
1273,hand1_i_left_seg_4_cropped.jpeg,i
1274,hand1_i_left_seg_5_cropped.jpeg,i
1275,hand1_i_right_seg_1_cropped.jpeg,i
1276,hand1_i_right_seg_2_cropped.jpeg,i
1277,hand1_i_right_seg_3_cropped.jpeg,i
1278,hand1_i_right_seg_4_cropped.jpeg,i
1279,hand1_i_right_seg_5_cropped.jpeg,i
1280,hand1_i_top_seg_1_cropped.jpeg,i
1281,hand1_i_top_seg_2_cropped.jpeg,i
1282,hand1_i_top_seg_3_cropped.jpeg,i
1283,hand1_i_top_seg_4_cropped.jpeg,i
1284,hand1_i_top_seg_5_cropped.jpeg,i
1285,hand2_i_bot_seg_1_cropped.jpeg,i
1286,hand2_i_bot_seg_2_cropped.jpeg,i
1287,hand2_i_bot_seg_3_cropped.jpeg,i
1288,hand2_i_bot_seg_4_cropped.jpeg,i
1289,hand2_i_bot_seg_5_cropped.jpeg,i
1290,hand2_i_dif_seg_1_cropped.jpeg,i
1291,hand2_i_dif_seg_2_cropped.jpeg,i
1292,hand2_i_dif_seg_3_cropped.jpeg,i
1293,hand2_i_dif_seg_4_cropped.jpeg,i
1294,hand2_i_dif_seg_5_cropped.jpeg,i
1295,hand2_i_left_seg_1_cropped.jpeg,i
1296,hand2_i_left_seg_2_cropped.jpeg,i
1297,hand2_i_left_seg_3_cropped.jpeg,i
1298,hand2_i_left_seg_4_cropped.jpeg,i
1299,hand2_i_left_seg_5_cropped.jpeg,i
1300,hand2_i_right_seg_1_cropped.jpeg,i
1301,hand2_i_right_seg_2_cropped.jpeg,i
1302,hand2_i_right_seg_3_cropped.jpeg,i
1303,hand2_i_right_seg_4_cropped.jpeg,i
1304,hand2_i_right_seg_5_cropped.jpeg,i
1305,hand2_i_top_seg_1_cropped.jpeg,i
1306,hand2_i_top_seg_2_cropped.jpeg,i
1307,hand2_i_top_seg_3_cropped.jpeg,i
1308,hand2_i_top_seg_4_cropped.jpeg,i
1309,hand2_i_top_seg_5_cropped.jpeg,i
1310,hand3_i_dif_seg_1_cropped.jpeg,i
1311,hand3_i_dif_seg_2_cropped.jpeg,i
1312,hand3_i_dif_seg_3_cropped.jpeg,i
1313,hand3_i_dif_seg_4_cropped.jpeg,i
1314,hand3_i_dif_seg_5_cropped.jpeg,i
1315,hand4_i_bot_seg_1_cropped.jpeg,i
1316,hand4_i_bot_seg_2_cropped.jpeg,i
1317,hand4_i_bot_seg_3_cropped.jpeg,i
1318,hand4_i_bot_seg_4_cropped.jpeg,i
1319,hand4_i_bot_seg_5_cropped.jpeg,i
1320,hand5_i_bot_seg_1_cropped.jpeg,i
1321,hand5_i_bot_seg_2_cropped.jpeg,i
1322,hand5_i_bot_seg_3_cropped.jpeg,i
1323,hand5_i_bot_seg_4_cropped.jpeg,i
1324,hand5_i_bot_seg_5_cropped.jpeg,i
1325,hand5_i_dif_seg_1_cropped.jpeg,i
1326,hand5_i_dif_seg_2_cropped.jpeg,i
1327,hand5_i_dif_seg_3_cropped.jpeg,i
1328,hand5_i_dif_seg_4_cropped.jpeg,i
1329,hand5_i_dif_seg_5_cropped.jpeg,i
1330,hand1_j_bot_seg_1_cropped.jpeg,j
1331,hand1_j_bot_seg_2_cropped.jpeg,j
1332,hand1_j_bot_seg_3_cropped.jpeg,j
1333,hand1_j_bot_seg_4_cropped.jpeg,j
1334,hand1_j_bot_seg_5_cropped.jpeg,j
1335,hand1_j_dif_seg_1_cropped.jpeg,j
1336,hand1_j_dif_seg_2_cropped.jpeg,j
1337,hand1_j_dif_seg_3_cropped.jpeg,j
1338,hand1_j_dif_seg_4_cropped.jpeg,j
1339,hand1_j_dif_seg_5_cropped.jpeg,j
1340,hand1_j_left_seg_1_cropped.jpeg,j
1341,hand1_j_left_seg_2_cropped.jpeg,j
1342,hand1_j_left_seg_3_cropped.jpeg,j
1343,hand1_j_left_seg_4_cropped.jpeg,j
1344,hand1_j_left_seg_5_cropped.jpeg,j
1345,hand1_j_right_seg_1_cropped.jpeg,j
1346,hand1_j_right_seg_2_cropped.jpeg,j
1347,hand1_j_right_seg_3_cropped.jpeg,j
1348,hand1_j_right_seg_4_cropped.jpeg,j
1349,hand1_j_right_seg_5_cropped.jpeg,j
1350,hand1_j_top_seg_1_cropped.jpeg,j
1351,hand1_j_top_seg_2_cropped.jpeg,j
1352,hand1_j_top_seg_3_cropped.jpeg,j
1353,hand1_j_top_seg_4_cropped.jpeg,j
1354,hand1_j_top_seg_5_cropped.jpeg,j
1355,hand2_j_bot_seg_1_cropped.jpeg,j
1356,hand2_j_bot_seg_2_cropped.jpeg,j
1357,hand2_j_bot_seg_3_cropped.jpeg,j
1358,hand2_j_bot_seg_4_cropped.jpeg,j
1359,hand2_j_bot_seg_5_cropped.jpeg,j
1360,hand2_j_dif_seg_1_cropped.jpeg,j
1361,hand2_j_dif_seg_2_cropped.jpeg,j
1362,hand2_j_dif_seg_3_cropped.jpeg,j
1363,hand2_j_dif_seg_4_cropped.jpeg,j
1364,hand2_j_dif_seg_5_cropped.jpeg,j
1365,hand2_j_left_seg_1_cropped.jpeg,j
1366,hand2_j_left_seg_2_cropped.jpeg,j
1367,hand2_j_left_seg_3_cropped.jpeg,j
1368,hand2_j_left_seg_4_cropped.jpeg,j
1369,hand2_j_left_seg_5_cropped.jpeg,j
1370,hand2_j_right_seg_1_cropped.jpeg,j
1371,hand2_j_right_seg_2_cropped.jpeg,j
1372,hand2_j_right_seg_3_cropped.jpeg,j
1373,hand2_j_right_seg_4_cropped.jpeg,j
1374,hand2_j_right_seg_5_cropped.jpeg,j
1375,hand2_j_top_seg_1_cropped.jpeg,j
1376,hand2_j_top_seg_2_cropped.jpeg,j
1377,hand2_j_top_seg_3_cropped.jpeg,j
1378,hand2_j_top_seg_4_cropped.jpeg,j
1379,hand2_j_top_seg_5_cropped.jpeg,j
1380,hand3_j_dif_seg_1_cropped.jpeg,j
1381,hand3_j_dif_seg_2_cropped.jpeg,j
1382,hand3_j_dif_seg_3_cropped.jpeg,j
1383,hand3_j_dif_seg_4_cropped.jpeg,j
1384,hand3_j_dif_seg_5_cropped.jpeg,j
1385,hand4_j_bot_seg_1_cropped.jpeg,j
1386,hand4_j_bot_seg_2_cropped.jpeg,j
1387,hand4_j_bot_seg_3_cropped.jpeg,j
1388,hand4_j_bot_seg_4_cropped.jpeg,j
1389,hand4_j_bot_seg_5_cropped.jpeg,j
1390,hand5_j_bot_seg_1_cropped.jpeg,j
1391,hand5_j_bot_seg_2_cropped.jpeg,j
1392,hand5_j_bot_seg_3_cropped.jpeg,j
1393,hand5_j_bot_seg_4_cropped.jpeg,j
1394,hand5_j_bot_seg_5_cropped.jpeg,j
1395,hand5_j_dif_seg_1_cropped.jpeg,j
1396,hand5_j_dif_seg_2_cropped.jpeg,j
1397,hand5_j_dif_seg_3_cropped.jpeg,j
1398,hand5_j_dif_seg_4_cropped.jpeg,j
1399,hand5_j_dif_seg_5_cropped.jpeg,j
1400,hand1_k_bot_seg_1_cropped.jpeg,k
1401,hand1_k_bot_seg_2_cropped.jpeg,k
1402,hand1_k_bot_seg_3_cropped.jpeg,k
1403,hand1_k_bot_seg_4_cropped.jpeg,k
1404,hand1_k_bot_seg_5_cropped.jpeg,k
1405,hand1_k_dif_seg_1_cropped.jpeg,k
1406,hand1_k_dif_seg_2_cropped.jpeg,k
1407,hand1_k_dif_seg_3_cropped.jpeg,k
1408,hand1_k_dif_seg_4_cropped.jpeg,k
1409,hand1_k_dif_seg_5_cropped.jpeg,k
1410,hand1_k_left_seg_1_cropped.jpeg,k
1411,hand1_k_left_seg_2_cropped.jpeg,k
1412,hand1_k_left_seg_3_cropped.jpeg,k
1413,hand1_k_left_seg_4_cropped.jpeg,k
1414,hand1_k_left_seg_5_cropped.jpeg,k
1415,hand1_k_right_seg_1_cropped.jpeg,k
1416,hand1_k_right_seg_2_cropped.jpeg,k
1417,hand1_k_right_seg_3_cropped.jpeg,k
1418,hand1_k_right_seg_4_cropped.jpeg,k
1419,hand1_k_right_seg_5_cropped.jpeg,k
1420,hand1_k_top_seg_1_cropped.jpeg,k
1421,hand1_k_top_seg_2_cropped.jpeg,k
1422,hand1_k_top_seg_3_cropped.jpeg,k
1423,hand1_k_top_seg_4_cropped.jpeg,k
1424,hand1_k_top_seg_5_cropped.jpeg,k
1425,hand2_k_bot_seg_1_cropped.jpeg,k
1426,hand2_k_bot_seg_2_cropped.jpeg,k
1427,hand2_k_bot_seg_3_cropped.jpeg,k
1428,hand2_k_bot_seg_4_cropped.jpeg,k
1429,hand2_k_bot_seg_5_cropped.jpeg,k
1430,hand2_k_dif_seg_1_cropped.jpeg,k
1431,hand2_k_dif_seg_2_cropped.jpeg,k
1432,hand2_k_dif_seg_3_cropped.jpeg,k
1433,hand2_k_dif_seg_4_cropped.jpeg,k
1434,hand2_k_dif_seg_5_cropped.jpeg,k
1435,hand2_k_left_seg_1_cropped.jpeg,k
1436,hand2_k_left_seg_2_cropped.jpeg,k
1437,hand2_k_left_seg_3_cropped.jpeg,k
1438,hand2_k_left_seg_4_cropped.jpeg,k
1439,hand2_k_left_seg_5_cropped.jpeg,k
1440,hand2_k_right_seg_1_cropped.jpeg,k
1441,hand2_k_right_seg_2_cropped.jpeg,k
1442,hand2_k_right_seg_3_cropped.jpeg,k
1443,hand2_k_right_seg_4_cropped.jpeg,k
1444,hand2_k_right_seg_5_cropped.jpeg,k
1445,hand2_k_top_seg_1_cropped.jpeg,k
1446,hand2_k_top_seg_2_cropped.jpeg,k
1447,hand2_k_top_seg_3_cropped.jpeg,k
1448,hand2_k_top_seg_4_cropped.jpeg,k
1449,hand2_k_top_seg_5_cropped.jpeg,k
1450,hand3_k_dif_seg_1_cropped.jpeg,k
1451,hand3_k_dif_seg_2_cropped.jpeg,k
1452,hand3_k_dif_seg_3_cropped.jpeg,k
1453,hand3_k_dif_seg_4_cropped.jpeg,k
1454,hand3_k_dif_seg_5_cropped.jpeg,k
1455,hand4_k_bot_seg_1_cropped.jpeg,k
1456,hand4_k_bot_seg_2_cropped.jpeg,k
1457,hand4_k_bot_seg_3_cropped.jpeg,k
1458,hand4_k_bot_seg_4_cropped.jpeg,k
1459,hand4_k_bot_seg_5_cropped.jpeg,k
1460,hand5_k_bot_seg_1_cropped.jpeg,k
1461,hand5_k_bot_seg_2_cropped.jpeg,k
1462,hand5_k_bot_seg_3_cropped.jpeg,k
1463,hand5_k_bot_seg_4_cropped.jpeg,k
1464,hand5_k_bot_seg_5_cropped.jpeg,k
1465,hand5_k_dif_seg_1_cropped.jpeg,k
1466,hand5_k_dif_seg_2_cropped.jpeg,k
1467,hand5_k_dif_seg_3_cropped.jpeg,k
1468,hand5_k_dif_seg_4_cropped.jpeg,k
1469,hand5_k_dif_seg_5_cropped.jpeg,k
1470,hand1_l_bot_seg_1_cropped.jpeg,l
1471,hand1_l_bot_seg_2_cropped.jpeg,l
1472,hand1_l_bot_seg_3_cropped.jpeg,l
1473,hand1_l_bot_seg_4_cropped.jpeg,l
1474,hand1_l_bot_seg_5_cropped.jpeg,l
1475,hand1_l_dif_seg_1_cropped.jpeg,l
1476,hand1_l_dif_seg_2_cropped.jpeg,l
1477,hand1_l_dif_seg_3_cropped.jpeg,l
1478,hand1_l_dif_seg_4_cropped.jpeg,l
1479,hand1_l_dif_seg_5_cropped.jpeg,l
1480,hand1_l_left_seg_1_cropped.jpeg,l
1481,hand1_l_left_seg_2_cropped.jpeg,l
1482,hand1_l_left_seg_3_cropped.jpeg,l
1483,hand1_l_left_seg_4_cropped.jpeg,l
1484,hand1_l_left_seg_5_cropped.jpeg,l
1485,hand1_l_right_seg_1_cropped.jpeg,l
1486,hand1_l_right_seg_2_cropped.jpeg,l
1487,hand1_l_right_seg_3_cropped.jpeg,l
1488,hand1_l_right_seg_4_cropped.jpeg,l
1489,hand1_l_right_seg_5_cropped.jpeg,l
1490,hand1_l_top_seg_1_cropped.jpeg,l
1491,hand1_l_top_seg_2_cropped.jpeg,l
1492,hand1_l_top_seg_3_cropped.jpeg,l
1493,hand1_l_top_seg_4_cropped.jpeg,l
1494,hand1_l_top_seg_5_cropped.jpeg,l
1495,hand2_l_bot_seg_1_cropped.jpeg,l
1496,hand2_l_bot_seg_2_cropped.jpeg,l
1497,hand2_l_bot_seg_3_cropped.jpeg,l
1498,hand2_l_bot_seg_4_cropped.jpeg,l
1499,hand2_l_bot_seg_5_cropped.jpeg,l
1500,hand2_l_dif_seg_1_cropped.jpeg,l
1501,hand2_l_dif_seg_2_cropped.jpeg,l
1502,hand2_l_dif_seg_3_cropped.jpeg,l
1503,hand2_l_dif_seg_4_cropped.jpeg,l
1504,hand2_l_dif_seg_5_cropped.jpeg,l
1505,hand2_l_left_seg_1_cropped.jpeg,l
1506,hand2_l_left_seg_2_cropped.jpeg,l
1507,hand2_l_left_seg_3_cropped.jpeg,l
1508,hand2_l_left_seg_4_cropped.jpeg,l
1509,hand2_l_left_seg_5_cropped.jpeg,l
1510,hand2_l_right_seg_1_cropped.jpeg,l
1511,hand2_l_right_seg_2_cropped.jpeg,l
1512,hand2_l_right_seg_3_cropped.jpeg,l
1513,hand2_l_right_seg_4_cropped.jpeg,l
1514,hand2_l_right_seg_5_cropped.jpeg,l
1515,hand2_l_top_seg_1_cropped.jpeg,l
1516,hand2_l_top_seg_2_cropped.jpeg,l
1517,hand2_l_top_seg_3_cropped.jpeg,l
1518,hand2_l_top_seg_4_cropped.jpeg,l
1519,hand2_l_top_seg_5_cropped.jpeg,l
1520,hand3_l_dif_seg_1_cropped.jpeg,l
1521,hand3_l_dif_seg_2_cropped.jpeg,l
1522,hand3_l_dif_seg_3_cropped.jpeg,l
1523,hand3_l_dif_seg_4_cropped.jpeg,l
1524,hand3_l_dif_seg_5_cropped.jpeg,l
1525,hand4_l_bot_seg_1_cropped.jpeg,l
1526,hand4_l_bot_seg_2_cropped.jpeg,l
1527,hand4_l_bot_seg_3_cropped.jpeg,l
1528,hand4_l_bot_seg_4_cropped.jpeg,l
1529,hand4_l_bot_seg_5_cropped.jpeg,l
1530,hand5_l_bot_seg_1_cropped.jpeg,l
1531,hand5_l_bot_seg_2_cropped.jpeg,l
1532,hand5_l_bot_seg_3_cropped.jpeg,l
1533,hand5_l_bot_seg_4_cropped.jpeg,l
1534,hand5_l_bot_seg_5_cropped.jpeg,l
1535,hand5_l_dif_seg_1_cropped.jpeg,l
1536,hand5_l_dif_seg_2_cropped.jpeg,l
1537,hand5_l_dif_seg_3_cropped.jpeg,l
1538,hand5_l_dif_seg_4_cropped.jpeg,l
1539,hand5_l_dif_seg_5_cropped.jpeg,l
1540,hand1_m_bot_seg_1_cropped.jpeg,m
1541,hand1_m_bot_seg_2_cropped.jpeg,m
1542,hand1_m_bot_seg_3_cropped.jpeg,m
1543,hand1_m_bot_seg_4_cropped.jpeg,m
1544,hand1_m_bot_seg_5_cropped.jpeg,m
1545,hand1_m_dif_seg_1_cropped.jpeg,m
1546,hand1_m_dif_seg_2_cropped.jpeg,m
1547,hand1_m_dif_seg_3_cropped.jpeg,m
1548,hand1_m_dif_seg_4_cropped.jpeg,m
1549,hand1_m_dif_seg_5_cropped.jpeg,m
1550,hand1_m_left_seg_1_cropped.jpeg,m
1551,hand1_m_left_seg_2_cropped.jpeg,m
1552,hand1_m_left_seg_3_cropped.jpeg,m
1553,hand1_m_left_seg_4_cropped.jpeg,m
1554,hand1_m_left_seg_5_cropped.jpeg,m
1555,hand1_m_right_seg_1_cropped.jpeg,m
1556,hand1_m_right_seg_2_cropped.jpeg,m
1557,hand1_m_right_seg_3_cropped.jpeg,m
1558,hand1_m_right_seg_4_cropped.jpeg,m
1559,hand1_m_right_seg_5_cropped.jpeg,m
1560,hand1_m_top_seg_1_cropped.jpeg,m
1561,hand1_m_top_seg_2_cropped.jpeg,m
1562,hand1_m_top_seg_3_cropped.jpeg,m
1563,hand1_m_top_seg_4_cropped.jpeg,m
1564,hand1_m_top_seg_5_cropped.jpeg,m
1565,hand2_m_bot_seg_1_cropped.jpeg,m
1566,hand2_m_bot_seg_2_cropped.jpeg,m
1567,hand2_m_bot_seg_3_cropped.jpeg,m
1568,hand2_m_bot_seg_4_cropped.jpeg,m
1569,hand2_m_bot_seg_5_cropped.jpeg,m
1570,hand2_m_dif_seg_1_cropped.jpeg,m
1571,hand2_m_dif_seg_2_cropped.jpeg,m
1572,hand2_m_dif_seg_3_cropped.jpeg,m
1573,hand2_m_dif_seg_4_cropped.jpeg,m
1574,hand2_m_dif_seg_5_cropped.jpeg,m
1575,hand2_m_left_seg_1_cropped.jpeg,m
1576,hand2_m_left_seg_2_cropped.jpeg,m
1577,hand2_m_left_seg_3_cropped.jpeg,m
1578,hand2_m_left_seg_4_cropped.jpeg,m
1579,hand2_m_left_seg_5_cropped.jpeg,m
1580,hand2_m_right_seg_1_cropped.jpeg,m
1581,hand2_m_right_seg_2_cropped.jpeg,m
1582,hand2_m_right_seg_3_cropped.jpeg,m
1583,hand2_m_right_seg_4_cropped.jpeg,m
1584,hand2_m_right_seg_5_cropped.jpeg,m
1585,hand2_m_top_seg_1_cropped.jpeg,m
1586,hand2_m_top_seg_2_cropped.jpeg,m
1587,hand2_m_top_seg_3_cropped.jpeg,m
1588,hand2_m_top_seg_4_cropped.jpeg,m
1589,hand2_m_top_seg_5_cropped.jpeg,m
1590,hand3_m_dif_seg_1_cropped.jpeg,m
1591,hand3_m_dif_seg_2_cropped.jpeg,m
1592,hand3_m_dif_seg_3_cropped.jpeg,m
1593,hand3_m_dif_seg_4_cropped.jpeg,m
1594,hand3_m_dif_seg_5_cropped.jpeg,m
1595,hand4_m_bot_seg_1_cropped.jpeg,m
1596,hand4_m_bot_seg_2_cropped.jpeg,m
1597,hand4_m_bot_seg_3_cropped.jpeg,m
1598,hand4_m_bot_seg_4_cropped.jpeg,m
1599,hand4_m_bot_seg_5_cropped.jpeg,m
1600,hand5_m_bot_seg_1_cropped.jpeg,m
1601,hand5_m_bot_seg_2_cropped.jpeg,m
1602,hand5_m_bot_seg_3_cropped.jpeg,m
1603,hand5_m_bot_seg_4_cropped.jpeg,m
1604,hand5_m_bot_seg_5_cropped.jpeg,m
1605,hand5_m_dif_seg_1_cropped.jpeg,m
1606,hand5_m_dif_seg_2_cropped.jpeg,m
1607,hand5_m_dif_seg_3_cropped.jpeg,m
1608,hand5_m_dif_seg_4_cropped.jpeg,m
1609,hand5_m_dif_seg_5_cropped.jpeg,m
1610,hand1_n_bot_seg_1_cropped.jpeg,n
1611,hand1_n_bot_seg_2_cropped.jpeg,n
1612,hand1_n_bot_seg_3_cropped.jpeg,n
1613,hand1_n_bot_seg_4_cropped.jpeg,n
1614,hand1_n_bot_seg_5_cropped.jpeg,n
1615,hand1_n_dif_seg_1_cropped.jpeg,n
1616,hand1_n_dif_seg_2_cropped.jpeg,n
1617,hand1_n_dif_seg_3_cropped.jpeg,n
1618,hand1_n_dif_seg_4_cropped.jpeg,n
1619,hand1_n_dif_seg_5_cropped.jpeg,n
1620,hand1_n_left_seg_1_cropped.jpeg,n
1621,hand1_n_left_seg_2_cropped.jpeg,n
1622,hand1_n_left_seg_3_cropped.jpeg,n
1623,hand1_n_left_seg_4_cropped.jpeg,n
1624,hand1_n_left_seg_5_cropped.jpeg,n
1625,hand1_n_right_seg_1_cropped.jpeg,n
1626,hand1_n_right_seg_2_cropped.jpeg,n
1627,hand1_n_right_seg_3_cropped.jpeg,n
1628,hand1_n_right_seg_4_cropped.jpeg,n
1629,hand1_n_right_seg_5_cropped.jpeg,n
1630,hand1_n_top_seg_1_cropped.jpeg,n
1631,hand1_n_top_seg_2_cropped.jpeg,n
1632,hand1_n_top_seg_3_cropped.jpeg,n
1633,hand1_n_top_seg_4_cropped.jpeg,n
1634,hand1_n_top_seg_5_cropped.jpeg,n
1635,hand2_n_bot_seg_1_cropped.jpeg,n
1636,hand2_n_bot_seg_2_cropped.jpeg,n
1637,hand2_n_bot_seg_3_cropped.jpeg,n
1638,hand2_n_bot_seg_4_cropped.jpeg,n
1639,hand2_n_bot_seg_5_cropped.jpeg,n
1640,hand2_n_dif_seg_1_cropped.jpeg,n
1641,hand2_n_dif_seg_2_cropped.jpeg,n
1642,hand2_n_dif_seg_3_cropped.jpeg,n
1643,hand2_n_dif_seg_4_cropped.jpeg,n
1644,hand2_n_dif_seg_5_cropped.jpeg,n
1645,hand2_n_left_seg_1_cropped.jpeg,n
1646,hand2_n_left_seg_2_cropped.jpeg,n
1647,hand2_n_left_seg_3_cropped.jpeg,n
1648,hand2_n_left_seg_4_cropped.jpeg,n
1649,hand2_n_left_seg_5_cropped.jpeg,n
1650,hand2_n_right_seg_1_cropped.jpeg,n
1651,hand2_n_right_seg_2_cropped.jpeg,n
1652,hand2_n_right_seg_3_cropped.jpeg,n
1653,hand2_n_right_seg_4_cropped.jpeg,n
1654,hand2_n_right_seg_5_cropped.jpeg,n
1655,hand2_n_top_seg_1_cropped.jpeg,n
1656,hand2_n_top_seg_2_cropped.jpeg,n
1657,hand2_n_top_seg_3_cropped.jpeg,n
1658,hand2_n_top_seg_4_cropped.jpeg,n
1659,hand2_n_top_seg_5_cropped.jpeg,n
1660,hand3_n_dif_seg_1_cropped.jpeg,n
1661,hand3_n_dif_seg_2_cropped.jpeg,n
1662,hand3_n_dif_seg_3_cropped.jpeg,n
1663,hand3_n_dif_seg_4_cropped.jpeg,n
1664,hand3_n_dif_seg_5_cropped.jpeg,n
1665,hand4_n_bot_seg_1_cropped.jpeg,n
1666,hand4_n_bot_seg_2_cropped.jpeg,n
1667,hand4_n_bot_seg_3_cropped.jpeg,n
1668,hand4_n_bot_seg_4_cropped.jpeg,n
1669,hand4_n_bot_seg_5_cropped.jpeg,n
1670,hand5_n_bot_seg_1_cropped.jpeg,n
1671,hand5_n_bot_seg_2_cropped.jpeg,n
1672,hand5_n_bot_seg_3_cropped.jpeg,n
1673,hand5_n_bot_seg_4_cropped.jpeg,n
1674,hand5_n_bot_seg_5_cropped.jpeg,n
1675,hand5_n_dif_seg_1_cropped.jpeg,n
1676,hand5_n_dif_seg_2_cropped.jpeg,n
1677,hand5_n_dif_seg_3_cropped.jpeg,n
1678,hand5_n_dif_seg_4_cropped.jpeg,n
1679,hand5_n_dif_seg_5_cropped.jpeg,n
1680,hand1_o_bot_seg_1_cropped.jpeg,o
1681,hand1_o_bot_seg_2_cropped.jpeg,o
1682,hand1_o_bot_seg_3_cropped.jpeg,o
1683,hand1_o_bot_seg_4_cropped.jpeg,o
1684,hand1_o_bot_seg_5_cropped.jpeg,o
1685,hand1_o_dif_seg_1_cropped.jpeg,o
1686,hand1_o_dif_seg_2_cropped.jpeg,o
1687,hand1_o_dif_seg_3_cropped.jpeg,o
1688,hand1_o_dif_seg_4_cropped.jpeg,o
1689,hand1_o_dif_seg_5_cropped.jpeg,o
1690,hand1_o_left_seg_1_cropped.jpeg,o
1691,hand1_o_left_seg_2_cropped.jpeg,o
1692,hand1_o_left_seg_3_cropped.jpeg,o
1693,hand1_o_left_seg_4_cropped.jpeg,o
1694,hand1_o_left_seg_5_cropped.jpeg,o
1695,hand1_o_right_seg_1_cropped.jpeg,o
1696,hand1_o_right_seg_2_cropped.jpeg,o
1697,hand1_o_right_seg_3_cropped.jpeg,o
1698,hand1_o_right_seg_4_cropped.jpeg,o
1699,hand1_o_right_seg_5_cropped.jpeg,o
1700,hand1_o_top_seg_1_cropped.jpeg,o
1701,hand1_o_top_seg_2_cropped.jpeg,o
1702,hand1_o_top_seg_3_cropped.jpeg,o
1703,hand1_o_top_seg_4_cropped.jpeg,o
1704,hand1_o_top_seg_5_cropped.jpeg,o
1705,hand2_o_bot_seg_1_cropped.jpeg,o
1706,hand2_o_bot_seg_2_cropped.jpeg,o
1707,hand2_o_bot_seg_3_cropped.jpeg,o
1708,hand2_o_bot_seg_4_cropped.jpeg,o
1709,hand2_o_bot_seg_5_cropped.jpeg,o
1710,hand2_o_dif_seg_1_cropped.jpeg,o
1711,hand2_o_dif_seg_2_cropped.jpeg,o
1712,hand2_o_dif_seg_3_cropped.jpeg,o
1713,hand2_o_dif_seg_4_cropped.jpeg,o
1714,hand2_o_dif_seg_5_cropped.jpeg,o
1715,hand2_o_left_seg_1_cropped.jpeg,o
1716,hand2_o_left_seg_2_cropped.jpeg,o
1717,hand2_o_left_seg_3_cropped.jpeg,o
1718,hand2_o_left_seg_4_cropped.jpeg,o
1719,hand2_o_left_seg_5_cropped.jpeg,o
1720,hand2_o_right_seg_1_cropped.jpeg,o
1721,hand2_o_right_seg_2_cropped.jpeg,o
1722,hand2_o_right_seg_3_cropped.jpeg,o
1723,hand2_o_right_seg_4_cropped.jpeg,o
1724,hand2_o_right_seg_5_cropped.jpeg,o
1725,hand2_o_top_seg_1_cropped.jpeg,o
1726,hand2_o_top_seg_2_cropped.jpeg,o
1727,hand2_o_top_seg_3_cropped.jpeg,o
1728,hand2_o_top_seg_4_cropped.jpeg,o
1729,hand2_o_top_seg_5_cropped.jpeg,o
1730,hand3_o_dif_seg_1_cropped.jpeg,o
1731,hand3_o_dif_seg_2_cropped.jpeg,o
1732,hand3_o_dif_seg_3_cropped.jpeg,o
1733,hand3_o_dif_seg_4_cropped.jpeg,o
1734,hand3_o_dif_seg_5_cropped.jpeg,o
1735,hand4_o_bot_seg_1_cropped.jpeg,o
1736,hand4_o_bot_seg_2_cropped.jpeg,o
1737,hand4_o_bot_seg_3_cropped.jpeg,o
1738,hand4_o_bot_seg_4_cropped.jpeg,o
1739,hand4_o_bot_seg_5_cropped.jpeg,o
1740,hand5_o_bot_seg_1_cropped.jpeg,o
1741,hand5_o_bot_seg_2_cropped.jpeg,o
1742,hand5_o_bot_seg_3_cropped.jpeg,o
1743,hand5_o_bot_seg_4_cropped.jpeg,o
1744,hand5_o_bot_seg_5_cropped.jpeg,o
1745,hand5_o_dif_seg_1_cropped.jpeg,o
1746,hand5_o_dif_seg_2_cropped.jpeg,o
1747,hand5_o_dif_seg_3_cropped.jpeg,o
1748,hand5_o_dif_seg_4_cropped.jpeg,o
1749,hand5_o_dif_seg_5_cropped.jpeg,o
1750,hand1_p_bot_seg_1_cropped.jpeg,p
1751,hand1_p_bot_seg_2_cropped.jpeg,p
1752,hand1_p_bot_seg_3_cropped.jpeg,p
1753,hand1_p_bot_seg_4_cropped.jpeg,p
1754,hand1_p_bot_seg_5_cropped.jpeg,p
1755,hand1_p_dif_seg_1_cropped.jpeg,p
1756,hand1_p_dif_seg_2_cropped.jpeg,p
1757,hand1_p_dif_seg_3_cropped.jpeg,p
1758,hand1_p_dif_seg_4_cropped.jpeg,p
1759,hand1_p_dif_seg_5_cropped.jpeg,p
1760,hand1_p_left_seg_1_cropped.jpeg,p
1761,hand1_p_left_seg_2_cropped.jpeg,p
1762,hand1_p_left_seg_3_cropped.jpeg,p
1763,hand1_p_left_seg_4_cropped.jpeg,p
1764,hand1_p_left_seg_5_cropped.jpeg,p
1765,hand1_p_right_seg_1_cropped.jpeg,p
1766,hand1_p_right_seg_2_cropped.jpeg,p
1767,hand1_p_right_seg_3_cropped.jpeg,p
1768,hand1_p_right_seg_4_cropped.jpeg,p
1769,hand1_p_right_seg_5_cropped.jpeg,p
1770,hand1_p_top_seg_1_cropped.jpeg,p
1771,hand1_p_top_seg_2_cropped.jpeg,p
1772,hand1_p_top_seg_3_cropped.jpeg,p
1773,hand1_p_top_seg_4_cropped.jpeg,p
1774,hand1_p_top_seg_5_cropped.jpeg,p
1775,hand2_p_bot_seg_1_cropped.jpeg,p
1776,hand2_p_bot_seg_2_cropped.jpeg,p
1777,hand2_p_bot_seg_3_cropped.jpeg,p
1778,hand2_p_bot_seg_4_cropped.jpeg,p
1779,hand2_p_bot_seg_5_cropped.jpeg,p
1780,hand2_p_dif_seg_1_cropped.jpeg,p
1781,hand2_p_dif_seg_2_cropped.jpeg,p
1782,hand2_p_dif_seg_3_cropped.jpeg,p
1783,hand2_p_dif_seg_4_cropped.jpeg,p
1784,hand2_p_dif_seg_5_cropped.jpeg,p
1785,hand2_p_left_seg_1_cropped.jpeg,p
1786,hand2_p_left_seg_2_cropped.jpeg,p
1787,hand2_p_left_seg_3_cropped.jpeg,p
1788,hand2_p_left_seg_4_cropped.jpeg,p
1789,hand2_p_left_seg_5_cropped.jpeg,p
1790,hand2_p_right_seg_1_cropped.jpeg,p
1791,hand2_p_right_seg_2_cropped.jpeg,p
1792,hand2_p_right_seg_3_cropped.jpeg,p
1793,hand2_p_right_seg_4_cropped.jpeg,p
1794,hand2_p_right_seg_5_cropped.jpeg,p
1795,hand2_p_top_seg_1_cropped.jpeg,p
1796,hand2_p_top_seg_2_cropped.jpeg,p
1797,hand2_p_top_seg_3_cropped.jpeg,p
1798,hand2_p_top_seg_4_cropped.jpeg,p
1799,hand2_p_top_seg_5_cropped.jpeg,p
1800,hand3_p_dif_seg_1_cropped.jpeg,p
1801,hand3_p_dif_seg_2_cropped.jpeg,p
1802,hand3_p_dif_seg_3_cropped.jpeg,p
1803,hand3_p_dif_seg_4_cropped.jpeg,p
1804,hand3_p_dif_seg_5_cropped.jpeg,p
1805,hand4_p_bot_seg_1_cropped.jpeg,p
1806,hand4_p_bot_seg_2_cropped.jpeg,p
1807,hand4_p_bot_seg_3_cropped.jpeg,p
1808,hand4_p_bot_seg_4_cropped.jpeg,p
1809,hand4_p_bot_seg_5_cropped.jpeg,p
1810,hand5_p_bot_seg_1_cropped.jpeg,p
1811,hand5_p_bot_seg_2_cropped.jpeg,p
1812,hand5_p_bot_seg_3_cropped.jpeg,p
1813,hand5_p_bot_seg_4_cropped.jpeg,p
1814,hand5_p_bot_seg_5_cropped.jpeg,p
1815,hand5_p_dif_seg_1_cropped.jpeg,p
1816,hand5_p_dif_seg_2_cropped.jpeg,p
1817,hand5_p_dif_seg_3_cropped.jpeg,p
1818,hand5_p_dif_seg_4_cropped.jpeg,p
1819,hand5_p_dif_seg_5_cropped.jpeg,p
1820,hand1_q_bot_seg_1_cropped.jpeg,q
1821,hand1_q_bot_seg_2_cropped.jpeg,q
1822,hand1_q_bot_seg_3_cropped.jpeg,q
1823,hand1_q_bot_seg_4_cropped.jpeg,q
1824,hand1_q_bot_seg_5_cropped.jpeg,q
1825,hand1_q_dif_seg_1_cropped.jpeg,q
1826,hand1_q_dif_seg_2_cropped.jpeg,q
1827,hand1_q_dif_seg_3_cropped.jpeg,q
1828,hand1_q_dif_seg_4_cropped.jpeg,q
1829,hand1_q_dif_seg_5_cropped.jpeg,q
1830,hand1_q_left_seg_1_cropped.jpeg,q
1831,hand1_q_left_seg_2_cropped.jpeg,q
1832,hand1_q_left_seg_3_cropped.jpeg,q
1833,hand1_q_left_seg_4_cropped.jpeg,q
1834,hand1_q_left_seg_5_cropped.jpeg,q
1835,hand1_q_right_seg_1_cropped.jpeg,q
1836,hand1_q_right_seg_2_cropped.jpeg,q
1837,hand1_q_right_seg_3_cropped.jpeg,q
1838,hand1_q_right_seg_4_cropped.jpeg,q
1839,hand1_q_right_seg_5_cropped.jpeg,q
1840,hand1_q_top_seg_1_cropped.jpeg,q
1841,hand1_q_top_seg_2_cropped.jpeg,q
1842,hand1_q_top_seg_3_cropped.jpeg,q
1843,hand1_q_top_seg_4_cropped.jpeg,q
1844,hand1_q_top_seg_5_cropped.jpeg,q
1845,hand2_q_bot_seg_1_cropped.jpeg,q
1846,hand2_q_bot_seg_2_cropped.jpeg,q
1847,hand2_q_bot_seg_3_cropped.jpeg,q
1848,hand2_q_bot_seg_4_cropped.jpeg,q
1849,hand2_q_bot_seg_5_cropped.jpeg,q
1850,hand2_q_dif_seg_1_cropped.jpeg,q
1851,hand2_q_dif_seg_2_cropped.jpeg,q
1852,hand2_q_dif_seg_3_cropped.jpeg,q
1853,hand2_q_dif_seg_4_cropped.jpeg,q
1854,hand2_q_dif_seg_5_cropped.jpeg,q
1855,hand2_q_left_seg_1_cropped.jpeg,q
1856,hand2_q_left_seg_2_cropped.jpeg,q
1857,hand2_q_left_seg_3_cropped.jpeg,q
1858,hand2_q_left_seg_4_cropped.jpeg,q
1859,hand2_q_left_seg_5_cropped.jpeg,q
1860,hand2_q_right_seg_1_cropped.jpeg,q
1861,hand2_q_right_seg_2_cropped.jpeg,q
1862,hand2_q_right_seg_3_cropped.jpeg,q
1863,hand2_q_right_seg_4_cropped.jpeg,q
1864,hand2_q_right_seg_5_cropped.jpeg,q
1865,hand2_q_top_seg_1_cropped.jpeg,q
1866,hand2_q_top_seg_2_cropped.jpeg,q
1867,hand2_q_top_seg_3_cropped.jpeg,q
1868,hand2_q_top_seg_4_cropped.jpeg,q
1869,hand2_q_top_seg_5_cropped.jpeg,q
1870,hand3_q_dif_seg_1_cropped.jpeg,q
1871,hand3_q_dif_seg_2_cropped.jpeg,q
1872,hand3_q_dif_seg_3_cropped.jpeg,q
1873,hand3_q_dif_seg_4_cropped.jpeg,q
1874,hand3_q_dif_seg_5_cropped.jpeg,q
1875,hand4_q_bot_seg_1_cropped.jpeg,q
1876,hand4_q_bot_seg_2_cropped.jpeg,q
1877,hand4_q_bot_seg_3_cropped.jpeg,q
1878,hand4_q_bot_seg_4_cropped.jpeg,q
1879,hand4_q_bot_seg_5_cropped.jpeg,q
1880,hand5_q_bot_seg_1_cropped.jpeg,q
1881,hand5_q_bot_seg_2_cropped.jpeg,q
1882,hand5_q_bot_seg_3_cropped.jpeg,q
1883,hand5_q_bot_seg_4_cropped.jpeg,q
1884,hand5_q_bot_seg_5_cropped.jpeg,q
1885,hand5_q_dif_seg_1_cropped.jpeg,q
1886,hand5_q_dif_seg_2_cropped.jpeg,q
1887,hand5_q_dif_seg_3_cropped.jpeg,q
1888,hand5_q_dif_seg_4_cropped.jpeg,q
1889,hand5_q_dif_seg_5_cropped.jpeg,q
1890,hand1_r_bot_seg_1_cropped.jpeg,r
1891,hand1_r_bot_seg_2_cropped.jpeg,r
1892,hand1_r_bot_seg_3_cropped.jpeg,r
1893,hand1_r_bot_seg_4_cropped.jpeg,r
1894,hand1_r_bot_seg_5_cropped.jpeg,r
1895,hand1_r_dif_seg_1_cropped.jpeg,r
1896,hand1_r_dif_seg_2_cropped.jpeg,r
1897,hand1_r_dif_seg_3_cropped.jpeg,r
1898,hand1_r_dif_seg_4_cropped.jpeg,r
1899,hand1_r_dif_seg_5_cropped.jpeg,r
1900,hand1_r_left_seg_1_cropped.jpeg,r
1901,hand1_r_left_seg_2_cropped.jpeg,r
1902,hand1_r_left_seg_3_cropped.jpeg,r
1903,hand1_r_left_seg_4_cropped.jpeg,r
1904,hand1_r_left_seg_5_cropped.jpeg,r
1905,hand1_r_right_seg_1_cropped.jpeg,r
1906,hand1_r_right_seg_2_cropped.jpeg,r
1907,hand1_r_right_seg_3_cropped.jpeg,r
1908,hand1_r_right_seg_4_cropped.jpeg,r
1909,hand1_r_right_seg_5_cropped.jpeg,r
1910,hand1_r_top_seg_1_cropped.jpeg,r
1911,hand1_r_top_seg_2_cropped.jpeg,r
1912,hand1_r_top_seg_3_cropped.jpeg,r
1913,hand1_r_top_seg_4_cropped.jpeg,r
1914,hand1_r_top_seg_5_cropped.jpeg,r
1915,hand2_r_bot_seg_1_cropped.jpeg,r
1916,hand2_r_bot_seg_2_cropped.jpeg,r
1917,hand2_r_bot_seg_3_cropped.jpeg,r
1918,hand2_r_bot_seg_4_cropped.jpeg,r
1919,hand2_r_bot_seg_5_cropped.jpeg,r
1920,hand2_r_dif_seg_1_cropped.jpeg,r
1921,hand2_r_dif_seg_2_cropped.jpeg,r
1922,hand2_r_dif_seg_3_cropped.jpeg,r
1923,hand2_r_dif_seg_4_cropped.jpeg,r
1924,hand2_r_dif_seg_5_cropped.jpeg,r
1925,hand2_r_left_seg_1_cropped.jpeg,r
1926,hand2_r_left_seg_2_cropped.jpeg,r
1927,hand2_r_left_seg_3_cropped.jpeg,r
1928,hand2_r_left_seg_4_cropped.jpeg,r
1929,hand2_r_left_seg_5_cropped.jpeg,r
1930,hand2_r_right_seg_1_cropped.jpeg,r
1931,hand2_r_right_seg_2_cropped.jpeg,r
1932,hand2_r_right_seg_3_cropped.jpeg,r
1933,hand2_r_right_seg_4_cropped.jpeg,r
1934,hand2_r_right_seg_5_cropped.jpeg,r
1935,hand2_r_top_seg_1_cropped.jpeg,r
1936,hand2_r_top_seg_2_cropped.jpeg,r
1937,hand2_r_top_seg_3_cropped.jpeg,r
1938,hand2_r_top_seg_4_cropped.jpeg,r
1939,hand2_r_top_seg_5_cropped.jpeg,r
1940,hand3_r_dif_seg_1_cropped.jpeg,r
1941,hand3_r_dif_seg_2_cropped.jpeg,r
1942,hand3_r_dif_seg_3_cropped.jpeg,r
1943,hand3_r_dif_seg_4_cropped.jpeg,r
1944,hand3_r_dif_seg_5_cropped.jpeg,r
1945,hand4_r_bot_seg_1_cropped.jpeg,r
1946,hand4_r_bot_seg_2_cropped.jpeg,r
1947,hand4_r_bot_seg_3_cropped.jpeg,r
1948,hand4_r_bot_seg_4_cropped.jpeg,r
1949,hand4_r_bot_seg_5_cropped.jpeg,r
1950,hand5_r_bot_seg_1_cropped.jpeg,r
1951,hand5_r_bot_seg_2_cropped.jpeg,r
1952,hand5_r_bot_seg_3_cropped.jpeg,r
1953,hand5_r_bot_seg_4_cropped.jpeg,r
1954,hand5_r_bot_seg_5_cropped.jpeg,r
1955,hand5_r_dif_seg_1_cropped.jpeg,r
1956,hand5_r_dif_seg_2_cropped.jpeg,r
1957,hand5_r_dif_seg_3_cropped.jpeg,r
1958,hand5_r_dif_seg_4_cropped.jpeg,r
1959,hand5_r_dif_seg_5_cropped.jpeg,r
1960,hand1_s_bot_seg_1_cropped.jpeg,s
1961,hand1_s_bot_seg_2_cropped.jpeg,s
1962,hand1_s_bot_seg_3_cropped.jpeg,s
1963,hand1_s_bot_seg_4_cropped.jpeg,s
1964,hand1_s_bot_seg_5_cropped.jpeg,s
1965,hand1_s_dif_seg_1_cropped.jpeg,s
1966,hand1_s_dif_seg_2_cropped.jpeg,s
1967,hand1_s_dif_seg_3_cropped.jpeg,s
1968,hand1_s_dif_seg_4_cropped.jpeg,s
1969,hand1_s_dif_seg_5_cropped.jpeg,s
1970,hand1_s_left_seg_1_cropped.jpeg,s
1971,hand1_s_left_seg_2_cropped.jpeg,s
1972,hand1_s_left_seg_3_cropped.jpeg,s
1973,hand1_s_left_seg_4_cropped.jpeg,s
1974,hand1_s_left_seg_5_cropped.jpeg,s
1975,hand1_s_right_seg_1_cropped.jpeg,s
1976,hand1_s_right_seg_2_cropped.jpeg,s
1977,hand1_s_right_seg_3_cropped.jpeg,s
1978,hand1_s_right_seg_4_cropped.jpeg,s
1979,hand1_s_right_seg_5_cropped.jpeg,s
1980,hand1_s_top_seg_1_cropped.jpeg,s
1981,hand1_s_top_seg_2_cropped.jpeg,s
1982,hand1_s_top_seg_3_cropped.jpeg,s
1983,hand1_s_top_seg_4_cropped.jpeg,s
1984,hand1_s_top_seg_5_cropped.jpeg,s
1985,hand2_s_bot_seg_1_cropped.jpeg,s
1986,hand2_s_bot_seg_2_cropped.jpeg,s
1987,hand2_s_bot_seg_3_cropped.jpeg,s
1988,hand2_s_bot_seg_4_cropped.jpeg,s
1989,hand2_s_bot_seg_5_cropped.jpeg,s
1990,hand2_s_dif_seg_1_cropped.jpeg,s
1991,hand2_s_dif_seg_2_cropped.jpeg,s
1992,hand2_s_dif_seg_3_cropped.jpeg,s
1993,hand2_s_dif_seg_4_cropped.jpeg,s
1994,hand2_s_dif_seg_5_cropped.jpeg,s
1995,hand2_s_left_seg_1_cropped.jpeg,s
1996,hand2_s_left_seg_2_cropped.jpeg,s
1997,hand2_s_left_seg_3_cropped.jpeg,s
1998,hand2_s_left_seg_4_cropped.jpeg,s
1999,hand2_s_left_seg_5_cropped.jpeg,s
2000,hand2_s_right_seg_1_cropped.jpeg,s
2001,hand2_s_right_seg_2_cropped.jpeg,s
2002,hand2_s_right_seg_3_cropped.jpeg,s
2003,hand2_s_right_seg_4_cropped.jpeg,s
2004,hand2_s_right_seg_5_cropped.jpeg,s
2005,hand2_s_top_seg_1_cropped.jpeg,s
2006,hand2_s_top_seg_2_cropped.jpeg,s
2007,hand2_s_top_seg_3_cropped.jpeg,s
2008,hand2_s_top_seg_4_cropped.jpeg,s
2009,hand2_s_top_seg_5_cropped.jpeg,s
2010,hand3_s_dif_seg_1_cropped.jpeg,s
2011,hand3_s_dif_seg_2_cropped.jpeg,s
2012,hand3_s_dif_seg_3_cropped.jpeg,s
2013,hand3_s_dif_seg_4_cropped.jpeg,s
2014,hand3_s_dif_seg_5_cropped.jpeg,s
2015,hand4_s_bot_seg_1_cropped.jpeg,s
2016,hand4_s_bot_seg_2_cropped.jpeg,s
2017,hand4_s_bot_seg_3_cropped.jpeg,s
2018,hand4_s_bot_seg_4_cropped.jpeg,s
2019,hand4_s_bot_seg_5_cropped.jpeg,s
2020,hand5_s_bot_seg_1_cropped.jpeg,s
2021,hand5_s_bot_seg_2_cropped.jpeg,s
2022,hand5_s_bot_seg_3_cropped.jpeg,s
2023,hand5_s_bot_seg_4_cropped.jpeg,s
2024,hand5_s_bot_seg_5_cropped.jpeg,s
2025,hand5_s_dif_seg_1_cropped.jpeg,s
2026,hand5_s_dif_seg_2_cropped.jpeg,s
2027,hand5_s_dif_seg_3_cropped.jpeg,s
2028,hand5_s_dif_seg_4_cropped.jpeg,s
2029,hand5_s_dif_seg_5_cropped.jpeg,s
2030,hand1_t_bot_seg_1_cropped.jpeg,t
2031,hand1_t_bot_seg_2_cropped.jpeg,t
2032,hand1_t_bot_seg_3_cropped.jpeg,t
2033,hand1_t_bot_seg_4_cropped.jpeg,t
2034,hand1_t_bot_seg_5_cropped.jpeg,t
2035,hand1_t_dif_seg_1_cropped.jpeg,t
2036,hand1_t_dif_seg_2_cropped.jpeg,t
2037,hand1_t_dif_seg_3_cropped.jpeg,t
2038,hand1_t_dif_seg_4_cropped.jpeg,t
2039,hand1_t_dif_seg_5_cropped.jpeg,t
2040,hand1_t_left_seg_1_cropped.jpeg,t
2041,hand1_t_left_seg_2_cropped.jpeg,t
2042,hand1_t_left_seg_3_cropped.jpeg,t
2043,hand1_t_left_seg_4_cropped.jpeg,t
2044,hand1_t_left_seg_5_cropped.jpeg,t
2045,hand1_t_right_seg_1_cropped.jpeg,t
2046,hand1_t_right_seg_2_cropped.jpeg,t
2047,hand1_t_right_seg_3_cropped.jpeg,t
2048,hand1_t_right_seg_4_cropped.jpeg,t
2049,hand1_t_right_seg_5_cropped.jpeg,t
2050,hand1_t_top_seg_1_cropped.jpeg,t
2051,hand1_t_top_seg_2_cropped.jpeg,t
2052,hand1_t_top_seg_3_cropped.jpeg,t
2053,hand1_t_top_seg_4_cropped.jpeg,t
2054,hand1_t_top_seg_5_cropped.jpeg,t
2055,hand2_t_bot_seg_1_cropped.jpeg,t
2056,hand2_t_bot_seg_2_cropped.jpeg,t
2057,hand2_t_bot_seg_3_cropped.jpeg,t
2058,hand2_t_bot_seg_4_cropped.jpeg,t
2059,hand2_t_bot_seg_5_cropped.jpeg,t
2060,hand2_t_left_seg_1_cropped.jpeg,t
2061,hand2_t_left_seg_2_cropped.jpeg,t
2062,hand2_t_left_seg_3_cropped.jpeg,t
2063,hand2_t_left_seg_4_cropped.jpeg,t
2064,hand2_t_left_seg_5_cropped.jpeg,t
2065,hand2_t_right_seg_1_cropped.jpeg,t
2066,hand2_t_right_seg_2_cropped.jpeg,t
2067,hand2_t_right_seg_3_cropped.jpeg,t
2068,hand2_t_right_seg_4_cropped.jpeg,t
2069,hand2_t_right_seg_5_cropped.jpeg,t
2070,hand2_t_top_seg_1_cropped.jpeg,t
2071,hand2_t_top_seg_2_cropped.jpeg,t
2072,hand2_t_top_seg_3_cropped.jpeg,t
2073,hand2_t_top_seg_4_cropped.jpeg,t
2074,hand2_t_top_seg_5_cropped.jpeg,t
2075,hand3_t_dif_seg_1_cropped.jpeg,t
2076,hand3_t_dif_seg_2_cropped.jpeg,t
2077,hand3_t_dif_seg_3_cropped.jpeg,t
2078,hand3_t_dif_seg_4_cropped.jpeg,t
2079,hand3_t_dif_seg_5_cropped.jpeg,t
2080,hand4_t_bot_seg_1_cropped.jpeg,t
2081,hand4_t_bot_seg_2_cropped.jpeg,t
2082,hand4_t_bot_seg_3_cropped.jpeg,t
2083,hand4_t_bot_seg_4_cropped.jpeg,t
2084,hand4_t_bot_seg_5_cropped.jpeg,t
2085,hand5_t_bot_seg_1_cropped.jpeg,t
2086,hand5_t_bot_seg_2_cropped.jpeg,t
2087,hand5_t_bot_seg_3_cropped.jpeg,t
2088,hand5_t_bot_seg_4_cropped.jpeg,t
2089,hand5_t_bot_seg_5_cropped.jpeg,t
2090,hand5_t_dif_seg_1_cropped.jpeg,t
2091,hand5_t_dif_seg_2_cropped.jpeg,t
2092,hand5_t_dif_seg_3_cropped.jpeg,t
2093,hand5_t_dif_seg_4_cropped.jpeg,t
2094,hand5_t_dif_seg_5_cropped.jpeg,t
2095,hand1_u_bot_seg_1_cropped.jpeg,u
2096,hand1_u_bot_seg_2_cropped.jpeg,u
2097,hand1_u_bot_seg_3_cropped.jpeg,u
2098,hand1_u_bot_seg_4_cropped.jpeg,u
2099,hand1_u_bot_seg_5_cropped.jpeg,u
2100,hand1_u_dif_seg_1_cropped.jpeg,u
2101,hand1_u_dif_seg_2_cropped.jpeg,u
2102,hand1_u_dif_seg_3_cropped.jpeg,u
2103,hand1_u_dif_seg_4_cropped.jpeg,u
2104,hand1_u_dif_seg_5_cropped.jpeg,u
2105,hand1_u_left_seg_1_cropped.jpeg,u
2106,hand1_u_left_seg_2_cropped.jpeg,u
2107,hand1_u_left_seg_3_cropped.jpeg,u
2108,hand1_u_left_seg_4_cropped.jpeg,u
2109,hand1_u_left_seg_5_cropped.jpeg,u
2110,hand1_u_right_seg_1_cropped.jpeg,u
2111,hand1_u_right_seg_2_cropped.jpeg,u
2112,hand1_u_right_seg_3_cropped.jpeg,u
2113,hand1_u_right_seg_4_cropped.jpeg,u
2114,hand1_u_right_seg_5_cropped.jpeg,u
2115,hand1_u_top_seg_1_cropped.jpeg,u
2116,hand1_u_top_seg_2_cropped.jpeg,u
2117,hand1_u_top_seg_3_cropped.jpeg,u
2118,hand1_u_top_seg_4_cropped.jpeg,u
2119,hand1_u_top_seg_5_cropped.jpeg,u
2120,hand2_u_bot_seg_1_cropped.jpeg,u
2121,hand2_u_bot_seg_2_cropped.jpeg,u
2122,hand2_u_bot_seg_3_cropped.jpeg,u
2123,hand2_u_bot_seg_4_cropped.jpeg,u
2124,hand2_u_bot_seg_5_cropped.jpeg,u
2125,hand2_u_dif_seg_1_cropped.jpeg,u
2126,hand2_u_dif_seg_2_cropped.jpeg,u
2127,hand2_u_dif_seg_3_cropped.jpeg,u
2128,hand2_u_dif_seg_4_cropped.jpeg,u
2129,hand2_u_dif_seg_5_cropped.jpeg,u
2130,hand2_u_left_seg_1_cropped.jpeg,u
2131,hand2_u_left_seg_2_cropped.jpeg,u
2132,hand2_u_left_seg_3_cropped.jpeg,u
2133,hand2_u_left_seg_4_cropped.jpeg,u
2134,hand2_u_left_seg_5_cropped.jpeg,u
2135,hand2_u_right_seg_1_cropped.jpeg,u
2136,hand2_u_right_seg_2_cropped.jpeg,u
2137,hand2_u_right_seg_3_cropped.jpeg,u
2138,hand2_u_right_seg_4_cropped.jpeg,u
2139,hand2_u_right_seg_5_cropped.jpeg,u
2140,hand2_u_top_seg_1_cropped.jpeg,u
2141,hand2_u_top_seg_2_cropped.jpeg,u
2142,hand2_u_top_seg_3_cropped.jpeg,u
2143,hand2_u_top_seg_4_cropped.jpeg,u
2144,hand2_u_top_seg_5_cropped.jpeg,u
2145,hand3_u_dif_seg_1_cropped.jpeg,u
2146,hand3_u_dif_seg_2_cropped.jpeg,u
2147,hand3_u_dif_seg_3_cropped.jpeg,u
2148,hand3_u_dif_seg_4_cropped.jpeg,u
2149,hand3_u_dif_seg_5_cropped.jpeg,u
2150,hand4_u_bot_seg_1_cropped.jpeg,u
2151,hand4_u_bot_seg_2_cropped.jpeg,u
2152,hand4_u_bot_seg_3_cropped.jpeg,u
2153,hand4_u_bot_seg_4_cropped.jpeg,u
2154,hand4_u_bot_seg_5_cropped.jpeg,u
2155,hand5_u_bot_seg_1_cropped.jpeg,u
2156,hand5_u_bot_seg_2_cropped.jpeg,u
2157,hand5_u_bot_seg_3_cropped.jpeg,u
2158,hand5_u_bot_seg_4_cropped.jpeg,u
2159,hand5_u_bot_seg_5_cropped.jpeg,u
2160,hand5_u_dif_seg_1_cropped.jpeg,u
2161,hand5_u_dif_seg_2_cropped.jpeg,u
2162,hand5_u_dif_seg_3_cropped.jpeg,u
2163,hand5_u_dif_seg_4_cropped.jpeg,u
2164,hand5_u_dif_seg_5_cropped.jpeg,u
2165,hand1_v_bot_seg_1_cropped.jpeg,v
2166,hand1_v_bot_seg_2_cropped.jpeg,v
2167,hand1_v_bot_seg_3_cropped.jpeg,v
2168,hand1_v_bot_seg_4_cropped.jpeg,v
2169,hand1_v_bot_seg_5_cropped.jpeg,v
2170,hand1_v_dif_seg_1_cropped.jpeg,v
2171,hand1_v_dif_seg_2_cropped.jpeg,v
2172,hand1_v_dif_seg_3_cropped.jpeg,v
2173,hand1_v_dif_seg_4_cropped.jpeg,v
2174,hand1_v_dif_seg_5_cropped.jpeg,v
2175,hand1_v_left_seg_1_cropped.jpeg,v
2176,hand1_v_left_seg_2_cropped.jpeg,v
2177,hand1_v_left_seg_3_cropped.jpeg,v
2178,hand1_v_left_seg_4_cropped.jpeg,v
2179,hand1_v_left_seg_5_cropped.jpeg,v
2180,hand1_v_right_seg_1_cropped.jpeg,v
2181,hand1_v_right_seg_2_cropped.jpeg,v
2182,hand1_v_right_seg_3_cropped.jpeg,v
2183,hand1_v_right_seg_4_cropped.jpeg,v
2184,hand1_v_right_seg_5_cropped.jpeg,v
2185,hand1_v_top_seg_1_cropped.jpeg,v
2186,hand1_v_top_seg_2_cropped.jpeg,v
2187,hand1_v_top_seg_3_cropped.jpeg,v
2188,hand1_v_top_seg_4_cropped.jpeg,v
2189,hand1_v_top_seg_5_cropped.jpeg,v
2190,hand2_v_bot_seg_1_cropped.jpeg,v
2191,hand2_v_bot_seg_2_cropped.jpeg,v
2192,hand2_v_bot_seg_3_cropped.jpeg,v
2193,hand2_v_bot_seg_4_cropped.jpeg,v
2194,hand2_v_bot_seg_5_cropped.jpeg,v
2195,hand2_v_dif_seg_1_cropped.jpeg,v
2196,hand2_v_dif_seg_2_cropped.jpeg,v
2197,hand2_v_dif_seg_3_cropped.jpeg,v
2198,hand2_v_dif_seg_4_cropped.jpeg,v
2199,hand2_v_dif_seg_5_cropped.jpeg,v
2200,hand2_v_left_seg_1_cropped.jpeg,v
2201,hand2_v_left_seg_2_cropped.jpeg,v
2202,hand2_v_left_seg_3_cropped.jpeg,v
2203,hand2_v_left_seg_4_cropped.jpeg,v
2204,hand2_v_left_seg_5_cropped.jpeg,v
2205,hand2_v_right_seg_1_cropped.jpeg,v
2206,hand2_v_right_seg_2_cropped.jpeg,v
2207,hand2_v_right_seg_3_cropped.jpeg,v
2208,hand2_v_right_seg_4_cropped.jpeg,v
2209,hand2_v_right_seg_5_cropped.jpeg,v
2210,hand2_v_top_seg_1_cropped.jpeg,v
2211,hand2_v_top_seg_2_cropped.jpeg,v
2212,hand2_v_top_seg_3_cropped.jpeg,v
2213,hand2_v_top_seg_4_cropped.jpeg,v
2214,hand2_v_top_seg_5_cropped.jpeg,v
2215,hand3_v_dif_seg_1_cropped.jpeg,v
2216,hand3_v_dif_seg_2_cropped.jpeg,v
2217,hand3_v_dif_seg_3_cropped.jpeg,v
2218,hand3_v_dif_seg_4_cropped.jpeg,v
2219,hand3_v_dif_seg_5_cropped.jpeg,v
2220,hand4_v_bot_seg_1_cropped.jpeg,v
2221,hand4_v_bot_seg_2_cropped.jpeg,v
2222,hand4_v_bot_seg_3_cropped.jpeg,v
2223,hand4_v_bot_seg_4_cropped.jpeg,v
2224,hand4_v_bot_seg_5_cropped.jpeg,v
2225,hand5_v_bot_seg_1_cropped.jpeg,v
2226,hand5_v_bot_seg_2_cropped.jpeg,v
2227,hand5_v_bot_seg_3_cropped.jpeg,v
2228,hand5_v_bot_seg_4_cropped.jpeg,v
2229,hand5_v_bot_seg_5_cropped.jpeg,v
2230,hand5_v_dif_seg_1_cropped.jpeg,v
2231,hand5_v_dif_seg_2_cropped.jpeg,v
2232,hand5_v_dif_seg_3_cropped.jpeg,v
2233,hand5_v_dif_seg_4_cropped.jpeg,v
2234,hand5_v_dif_seg_5_cropped.jpeg,v
2235,hand1_w_bot_seg_1_cropped.jpeg,w
2236,hand1_w_bot_seg_2_cropped.jpeg,w
2237,hand1_w_bot_seg_3_cropped.jpeg,w
2238,hand1_w_bot_seg_4_cropped.jpeg,w
2239,hand1_w_bot_seg_5_cropped.jpeg,w
2240,hand1_w_dif_seg_1_cropped.jpeg,w
2241,hand1_w_dif_seg_2_cropped.jpeg,w
2242,hand1_w_dif_seg_3_cropped.jpeg,w
2243,hand1_w_dif_seg_4_cropped.jpeg,w
2244,hand1_w_dif_seg_5_cropped.jpeg,w
2245,hand1_w_left_seg_1_cropped.jpeg,w
2246,hand1_w_left_seg_2_cropped.jpeg,w
2247,hand1_w_left_seg_3_cropped.jpeg,w
2248,hand1_w_left_seg_4_cropped.jpeg,w
2249,hand1_w_left_seg_5_cropped.jpeg,w
2250,hand1_w_right_seg_1_cropped.jpeg,w
2251,hand1_w_right_seg_2_cropped.jpeg,w
2252,hand1_w_right_seg_3_cropped.jpeg,w
2253,hand1_w_right_seg_4_cropped.jpeg,w
2254,hand1_w_right_seg_5_cropped.jpeg,w
2255,hand1_w_top_seg_1_cropped.jpeg,w
2256,hand1_w_top_seg_2_cropped.jpeg,w
2257,hand1_w_top_seg_3_cropped.jpeg,w
2258,hand1_w_top_seg_4_cropped.jpeg,w
2259,hand1_w_top_seg_5_cropped.jpeg,w
2260,hand2_w_bot_seg_1_cropped.jpeg,w
2261,hand2_w_bot_seg_2_cropped.jpeg,w
2262,hand2_w_bot_seg_3_cropped.jpeg,w
2263,hand2_w_bot_seg_4_cropped.jpeg,w
2264,hand2_w_bot_seg_5_cropped.jpeg,w
2265,hand2_w_dif_seg_1_cropped.jpeg,w
2266,hand2_w_dif_seg_2_cropped.jpeg,w
2267,hand2_w_dif_seg_3_cropped.jpeg,w
2268,hand2_w_dif_seg_4_cropped.jpeg,w
2269,hand2_w_dif_seg_5_cropped.jpeg,w
2270,hand2_w_left_seg_1_cropped.jpeg,w
2271,hand2_w_left_seg_2_cropped.jpeg,w
2272,hand2_w_left_seg_3_cropped.jpeg,w
2273,hand2_w_left_seg_4_cropped.jpeg,w
2274,hand2_w_left_seg_5_cropped.jpeg,w
2275,hand2_w_right_seg_1_cropped.jpeg,w
2276,hand2_w_right_seg_2_cropped.jpeg,w
2277,hand2_w_right_seg_3_cropped.jpeg,w
2278,hand2_w_right_seg_4_cropped.jpeg,w
2279,hand2_w_right_seg_5_cropped.jpeg,w
2280,hand2_w_top_seg_1_cropped.jpeg,w
2281,hand2_w_top_seg_2_cropped.jpeg,w
2282,hand2_w_top_seg_3_cropped.jpeg,w
2283,hand2_w_top_seg_4_cropped.jpeg,w
2284,hand2_w_top_seg_5_cropped.jpeg,w
2285,hand3_w_dif_seg_1_cropped.jpeg,w
2286,hand3_w_dif_seg_2_cropped.jpeg,w
2287,hand3_w_dif_seg_3_cropped.jpeg,w
2288,hand3_w_dif_seg_4_cropped.jpeg,w
2289,hand3_w_dif_seg_5_cropped.jpeg,w
2290,hand4_w_bot_seg_1_cropped.jpeg,w
2291,hand4_w_bot_seg_2_cropped.jpeg,w
2292,hand4_w_bot_seg_3_cropped.jpeg,w
2293,hand4_w_bot_seg_4_cropped.jpeg,w
2294,hand4_w_bot_seg_5_cropped.jpeg,w
2295,hand5_w_bot_seg_1_cropped.jpeg,w
2296,hand5_w_bot_seg_2_cropped.jpeg,w
2297,hand5_w_bot_seg_3_cropped.jpeg,w
2298,hand5_w_bot_seg_4_cropped.jpeg,w
2299,hand5_w_bot_seg_5_cropped.jpeg,w
2300,hand5_w_dif_seg_1_cropped.jpeg,w
2301,hand5_w_dif_seg_2_cropped.jpeg,w
2302,hand5_w_dif_seg_3_cropped.jpeg,w
2303,hand5_w_dif_seg_4_cropped.jpeg,w
2304,hand5_w_dif_seg_5_cropped.jpeg,w
2305,hand1_y_bot_seg_1_cropped.jpeg,y
2306,hand1_y_bot_seg_2_cropped.jpeg,y
2307,hand1_y_bot_seg_3_cropped.jpeg,y
2308,hand1_y_bot_seg_4_cropped.jpeg,y
2309,hand1_y_bot_seg_5_cropped.jpeg,y
2310,hand1_y_dif_seg_1_cropped.jpeg,y
2311,hand1_y_dif_seg_2_cropped.jpeg,y
2312,hand1_y_dif_seg_3_cropped.jpeg,y
2313,hand1_y_dif_seg_4_cropped.jpeg,y
2314,hand1_y_dif_seg_5_cropped.jpeg,y
2315,hand1_y_left_seg_1_cropped.jpeg,y
2316,hand1_y_left_seg_2_cropped.jpeg,y
2317,hand1_y_left_seg_3_cropped.jpeg,y
2318,hand1_y_left_seg_4_cropped.jpeg,y
2319,hand1_y_left_seg_5_cropped.jpeg,y
2320,hand1_y_right_seg_1_cropped.jpeg,y
2321,hand1_y_right_seg_2_cropped.jpeg,y
2322,hand1_y_right_seg_3_cropped.jpeg,y
2323,hand1_y_right_seg_4_cropped.jpeg,y
2324,hand1_y_right_seg_5_cropped.jpeg,y
2325,hand1_y_top_seg_1_cropped.jpeg,y
2326,hand1_y_top_seg_2_cropped.jpeg,y
2327,hand1_y_top_seg_3_cropped.jpeg,y
2328,hand1_y_top_seg_4_cropped.jpeg,y
2329,hand1_y_top_seg_5_cropped.jpeg,y
2330,hand2_y_bot_seg_1_cropped.jpeg,y
2331,hand2_y_bot_seg_2_cropped.jpeg,y
2332,hand2_y_bot_seg_3_cropped.jpeg,y
2333,hand2_y_bot_seg_4_cropped.jpeg,y
2334,hand2_y_bot_seg_5_cropped.jpeg,y
2335,hand2_y_dif_seg_1_cropped.jpeg,y
2336,hand2_y_dif_seg_2_cropped.jpeg,y
2337,hand2_y_dif_seg_3_cropped.jpeg,y
2338,hand2_y_dif_seg_4_cropped.jpeg,y
2339,hand2_y_dif_seg_5_cropped.jpeg,y
2340,hand2_y_left_seg_1_cropped.jpeg,y
2341,hand2_y_left_seg_2_cropped.jpeg,y
2342,hand2_y_left_seg_3_cropped.jpeg,y
2343,hand2_y_left_seg_4_cropped.jpeg,y
2344,hand2_y_left_seg_5_cropped.jpeg,y
2345,hand2_y_right_seg_1_cropped.jpeg,y
2346,hand2_y_right_seg_2_cropped.jpeg,y
2347,hand2_y_right_seg_3_cropped.jpeg,y
2348,hand2_y_right_seg_4_cropped.jpeg,y
2349,hand2_y_right_seg_5_cropped.jpeg,y
2350,hand2_y_top_seg_1_cropped.jpeg,y
2351,hand2_y_top_seg_2_cropped.jpeg,y
2352,hand2_y_top_seg_3_cropped.jpeg,y
2353,hand2_y_top_seg_4_cropped.jpeg,y
2354,hand2_y_top_seg_5_cropped.jpeg,y
2355,hand3_y_dif_seg_1_cropped.jpeg,y
2356,hand3_y_dif_seg_2_cropped.jpeg,y
2357,hand3_y_dif_seg_3_cropped.jpeg,y
2358,hand3_y_dif_seg_4_cropped.jpeg,y
2359,hand3_y_dif_seg_5_cropped.jpeg,y
2360,hand4_y_bot_seg_1_cropped.jpeg,y
2361,hand4_y_bot_seg_2_cropped.jpeg,y
2362,hand4_y_bot_seg_3_cropped.jpeg,y
2363,hand4_y_bot_seg_4_cropped.jpeg,y
2364,hand4_y_bot_seg_5_cropped.jpeg,y
2365,hand5_y_bot_seg_1_cropped.jpeg,y
2366,hand5_y_bot_seg_2_cropped.jpeg,y
2367,hand5_y_bot_seg_3_cropped.jpeg,y
2368,hand5_y_bot_seg_4_cropped.jpeg,y
2369,hand5_y_bot_seg_5_cropped.jpeg,y
2370,hand5_y_dif_seg_1_cropped.jpeg,y
2371,hand5_y_dif_seg_2_cropped.jpeg,y
2372,hand5_y_dif_seg_3_cropped.jpeg,y
2373,hand5_y_dif_seg_4_cropped.jpeg,y
2374,hand5_y_dif_seg_5_cropped.jpeg,y
2375,hand1_z_bot_seg_1_cropped.jpeg,z
2376,hand1_z_bot_seg_2_cropped.jpeg,z
2377,hand1_z_bot_seg_3_cropped.jpeg,z
2378,hand1_z_bot_seg_4_cropped.jpeg,z
2379,hand1_z_bot_seg_5_cropped.jpeg,z
2380,hand1_z_dif_seg_1_cropped.jpeg,z
2381,hand1_z_dif_seg_2_cropped.jpeg,z
2382,hand1_z_dif_seg_3_cropped.jpeg,z
2383,hand1_z_dif_seg_4_cropped.jpeg,z
2384,hand1_z_dif_seg_5_cropped.jpeg,z
2385,hand1_z_left_seg_1_cropped.jpeg,z
2386,hand1_z_left_seg_2_cropped.jpeg,z
2387,hand1_z_left_seg_3_cropped.jpeg,z
2388,hand1_z_left_seg_4_cropped.jpeg,z
2389,hand1_z_left_seg_5_cropped.jpeg,z
2390,hand1_z_right_seg_1_cropped.jpeg,z
2391,hand1_z_right_seg_2_cropped.jpeg,z
2392,hand1_z_right_seg_3_cropped.jpeg,z
2393,hand1_z_right_seg_4_cropped.jpeg,z
2394,hand1_z_right_seg_5_cropped.jpeg,z
2395,hand1_z_top_seg_1_cropped.jpeg,z
2396,hand1_z_top_seg_2_cropped.jpeg,z
2397,hand1_z_top_seg_3_cropped.jpeg,z
2398,hand1_z_top_seg_4_cropped.jpeg,z
2399,hand1_z_top_seg_5_cropped.jpeg,z
2400,hand2_z_bot_seg_1_cropped.jpeg,z
2401,hand2_z_bot_seg_2_cropped.jpeg,z
2402,hand2_z_bot_seg_3_cropped.jpeg,z
2403,hand2_z_bot_seg_4_cropped.jpeg,z
2404,hand2_z_bot_seg_5_cropped.jpeg,z
2405,hand2_z_dif_seg_1_cropped.jpeg,z
2406,hand2_z_dif_seg_2_cropped.jpeg,z
2407,hand2_z_dif_seg_3_cropped.jpeg,z
2408,hand2_z_dif_seg_4_cropped.jpeg,z
2409,hand2_z_dif_seg_5_cropped.jpeg,z
2410,hand2_z_left_seg_1_cropped.jpeg,z
2411,hand2_z_left_seg_2_cropped.jpeg,z
2412,hand2_z_left_seg_3_cropped.jpeg,z
2413,hand2_z_left_seg_4_cropped.jpeg,z
2414,hand2_z_left_seg_5_cropped.jpeg,z
2415,hand2_z_right_seg_1_cropped.jpeg,z
2416,hand2_z_right_seg_2_cropped.jpeg,z
2417,hand2_z_right_seg_3_cropped.jpeg,z
2418,hand2_z_right_seg_4_cropped.jpeg,z
2419,hand2_z_right_seg_5_cropped.jpeg,z
2420,hand2_z_top_seg_1_cropped.jpeg,z
2421,hand2_z_top_seg_2_cropped.jpeg,z
2422,hand2_z_top_seg_3_cropped.jpeg,z
2423,hand2_z_top_seg_4_cropped.jpeg,z
2424,hand2_z_top_seg_5_cropped.jpeg,z
2425,hand3_z_dif_seg_1_cropped.jpeg,z
2426,hand3_z_dif_seg_2_cropped.jpeg,z
2427,hand3_z_dif_seg_3_cropped.jpeg,z
2428,hand3_z_dif_seg_4_cropped.jpeg,z
2429,hand3_z_dif_seg_5_cropped.jpeg,z
2430,hand4_z_bot_seg_1_cropped.jpeg,z
2431,hand4_z_bot_seg_2_cropped.jpeg,z
2432,hand4_z_bot_seg_3_cropped.jpeg,z
2433,hand4_z_bot_seg_4_cropped.jpeg,z
2434,hand4_z_bot_seg_5_cropped.jpeg,z
2435,hand5_z_bot_seg_1_cropped.jpeg,z
2436,hand5_z_bot_seg_2_cropped.jpeg,z
2437,hand5_z_bot_seg_3_cropped.jpeg,z
2438,hand5_z_bot_seg_4_cropped.jpeg,z
2439,hand5_z_bot_seg_5_cropped.jpeg,z
2440,hand5_z_dif_seg_1_cropped.jpeg,z
2441,hand5_z_dif_seg_2_cropped.jpeg,z
2442,hand5_z_dif_seg_3_cropped.jpeg,z
2443,hand5_z_dif_seg_4_cropped.jpeg,z
2444,hand5_z_dif_seg_5_cropped.jpeg,z
